certified_api_developer_name,list_source,output_directory
Unknown,StateMedicaid,../npd_ehr_scrape_cache/cehrt_fhir_json/unknown_699035fe08b1f44d95ea36b5043b981a
Bridge Patient Portal Inc.,http://ehealthline.com/FHIRservice%20Base%20URL%20EHL.json,../npd_ehr_scrape_cache/cehrt_fhir_json/bridge_patient_portal_inc_4246df56579a09ed63e475106341e51a
Unknown,https://1up.health/fhir-endpoint-directory,../npd_ehr_scrape_cache/cehrt_fhir_json/unknown_744f5d25c1099987fc4d4a61eeaa83ac
Patagonia Health,https://21302886.fs1.hubspotusercontent-na1.net/hubfs/21302886/FHIRBaseURL.json,../npd_ehr_scrape_cache/cehrt_fhir_json/patagonia_health_bd332ebb7f5291b2adc3ec22469c7769
"CareTracker, Inc.",https://ac-fhir.harrisambulatory.com/endpoints/r4,../npd_ehr_scrape_cache/cehrt_fhir_json/caretracker_inc_fb608e9a6189e731e15d57f8357e46b7
Carefluence,https://admin.carefluence.com/onc/servicebaseurl.json,../npd_ehr_scrape_cache/cehrt_fhir_json/carefluence_5a257d85e9858f8f2ecd2b6a5eacd1d0
"Nth Technologies, Inc.",https://admin.nthtechnology.com/fhir_endpoints.php/json,../npd_ehr_scrape_cache/cehrt_fhir_json/nth_technologies_inc_b9f9769e1982ba21c437fd5b1fc5bcbe
"MD Synergy Solutions, LLC",https://altheafhir.mdsynergy.com/getBundleJson,../npd_ehr_scrape_cache/cehrt_fhir_json/md_synergy_solutions_llc_fe90e5feea1bad74f45efb6932f5f4d5
"CareCloud Health, Inc.",https://api-datamanager.carecloud.com/fhirurl/Organization,../npd_ehr_scrape_cache/cehrt_fhir_json/carecloud_health_inc_6301f3eb4ca8b39856c253e9a38405d6
"Navigating Cancer, LLC",https://api-portal.navigatingcare.com/endpoints,../npd_ehr_scrape_cache/cehrt_fhir_json/navigating_cancer_llc_e29e5ccb1ffe6b96486d615c4db1d7cd
Azalea Health,https://api.azaleahealth.com/fhir/R4/Endpoint,../npd_ehr_scrape_cache/cehrt_fhir_json/azalea_health_ab5783b7bda76708800d03e01f6405c3
"Qualifacts Systems, LLC",https://api.cbh4.crediblebh.com/fhir,../npd_ehr_scrape_cache/cehrt_fhir_json/qualifacts_systems_llc_6a269ac3f8522549f3313c042ee30fed
EnableDoc LLC,https://api.enablemyhealth.com/api/r4/Groups,../npd_ehr_scrape_cache/cehrt_fhir_json/enabledoc_llc_92741a8ea0b235e588e3ed4f61a0b888
MDOfficeManager,https://api.geesemed.com/Geesemed/API/FHIREndpoint/API.json,../npd_ehr_scrape_cache/cehrt_fhir_json/mdofficemanager_918d9962cb917d1a836833a50278c2bc
"GeniusDoc, Inc.",https://api.geniusdoc.com:4434/GDAPIData/EndpointBundle,../npd_ehr_scrape_cache/cehrt_fhir_json/geniusdoc_inc_72d63b051a1b07d5a274009f77c8c94f
"MedConnect, Inc.",https://api.medconnecthealth.com/fhir/r4/endpoints,../npd_ehr_scrape_cache/cehrt_fhir_json/medconnect_inc_20cf8b8f29c71782b6bc63d0020d48a2
MEDHOST,https://api.mhdi10xasayd.com/medhost-developer-composition/v1/fhir-base-service-url-bundle,../npd_ehr_scrape_cache/cehrt_fhir_json/medhost_9e54a090365e0a958458613655c79fd4
"Moyae, Inc.",https://api.moyae.com/service-url,../npd_ehr_scrape_cache/cehrt_fhir_json/moyae_inc_33d356ec4097b73a21c2963344c9e266
"Qualifacts Systems, LLC",https://api.qualifacts.org/api/fhir/r4/endpoints,../npd_ehr_scrape_cache/cehrt_fhir_json/qualifacts_systems_llc_6e16deb050561bc5b4eae2dbff0e2bb9
"Sevocity, a division of Conceptual MindWorks, Inc",https://api.sevocity.com/api/patients/v1/Endpoint,../npd_ehr_scrape_cache/cehrt_fhir_json/sevocity_a_division_of_conceptual_mindworks_inc_d2d3b57f42865f8bb04d326742022e10
"1Life Healthcare, Inc",https://apidocs.chirp.app/fhir_base_url_bundle.json,../npd_ehr_scrape_cache/cehrt_fhir_json/1life_healthcare_inc_e2a16a6a73d6e80212dc18becacfe05c
"1Life Healthcare, Inc",https://apidocs.onemedical.io/1LifeServiceBaseURLBundle.json,../npd_ehr_scrape_cache/cehrt_fhir_json/1life_healthcare_inc_b8bf6b68b0098021b1122dda499a9ab0
CompuGroup Medical US,https://apigateway.emdscloud.com:7443/infor/CustomerApi/fhir/g10,../npd_ehr_scrape_cache/cehrt_fhir_json/compugroup_medical_us_dfb95d2254b4706a7de42f51e4a1b44a
Healthie,https://app-70202.on-aptible.com/endpoints,../npd_ehr_scrape_cache/cehrt_fhir_json/healthie_08494a4c72d274c1a5b129c48c0654d0
Azalea Health,https://app.azaleahealth.com/fhir/R4/Endpoint,../npd_ehr_scrape_cache/cehrt_fhir_json/azalea_health_431baf9cf4a84b1f9865df363dcd5e35
Darena Solutions LLC dba Darena Health,https://app.meldrx.com/api/Directories/fhir/endpoints,../npd_ehr_scrape_cache/cehrt_fhir_json/darena_solutions_llc_dba_darena_health_a0c85e28c2806a7206f4cbbbfb1189ca
Office Practicum,https://applications.op.healthcare/api/v2/atlas-format/Endpoint?_revinclude=Endpoint:organization,../npd_ehr_scrape_cache/cehrt_fhir_json/office_practicum_7fc062f99e95425d3e181eab8df6d611
Criterions Software Inc,https://appstudio.interopengine.com/partner/fhirR4endpoints-criterions.json,../npd_ehr_scrape_cache/cehrt_fhir_json/criterions_software_inc_9c24b1a0a478f516cff6b716372c8328
Dexter Solutions Inc,https://appstudio.interopengine.com/partner/fhirR4endpoints-ezdocs.json,../npd_ehr_scrape_cache/cehrt_fhir_json/dexter_solutions_inc_a370867500300df443a029de89040c71
MedNet Medical Solutions,https://appstudio.interopengine.com/partner/fhirR4endpoints-mednetmedical.json,../npd_ehr_scrape_cache/cehrt_fhir_json/mednet_medical_solutions_91882961eae07fe7273037ab9e774af4
"Universal EHR, Inc.",https://appstudio.interopengine.com/partner/fhirR4endpoints-universalehr.json,../npd_ehr_scrape_cache/cehrt_fhir_json/universal_ehr_inc_e66c6e5d361ecd7803b4000f152936f5
Zoobook Systems LLC,https://appstudio.interopengine.com/partner/fhirR4endpoints-zoobook.json,../npd_ehr_scrape_cache/cehrt_fhir_json/zoobook_systems_llc_fae725c74837e2bd855d0b2710740bbc
Careexpand LLC,https://auth-api.dev.careexpandcloud.com/fhir/service-base-urls,../npd_ehr_scrape_cache/cehrt_fhir_json/careexpand_llc_21266654b34690cfa7b4f3d257a479dd
Brilogy Corporation,https://axeium.net/g10.json,../npd_ehr_scrape_cache/cehrt_fhir_json/brilogy_corporation_eacfe6f7f96185b6fe2a23bc66caab8c
"ChartPath, LLC",https://beta.afoundria.com/api/fhir/urls/downloadJSON,../npd_ehr_scrape_cache/cehrt_fhir_json/chartpath_llc_8a1ff8d86a0f7e239027bcdc7cce6231
Comtron Inc.,https://bill.medgenehr.com/MedgenAPI/medgenbundle.json,../npd_ehr_scrape_cache/cehrt_fhir_json/comtron_inc_f01e42d0827587b196c551883d7a0df3
Carepaths Inc,https://carepaths.com/uploads/org_endpoint_bundle.json,../npd_ehr_scrape_cache/cehrt_fhir_json/carepaths_inc_0a2a2f3518dcc71c7b5f2aaaa1f1bb3b
Willowglade Technologies Corporation,https://ccdoc.phn.care/endpoints,../npd_ehr_scrape_cache/cehrt_fhir_json/willowglade_technologies_corporation_065bc650d7dac448796cd59b504eeb58
Azalea Health,https://chartmakerapi.sticomputer.com/brands,../npd_ehr_scrape_cache/cehrt_fhir_json/azalea_health_baafbdde70f210751a2164da4148ee3b
CHN Tech Solutions LLC,https://chntechsolutions.com/wp-content/uploads/2024/12/Endpoint.json,../npd_ehr_scrape_cache/cehrt_fhir_json/chn_tech_solutions_llc_c64cfc09414f4bf9a08d97560bc44dcc
"MedicaSoft, LLC",https://code.medicasoft.us/fhir_r4_endpoints.json,../npd_ehr_scrape_cache/cehrt_fhir_json/medicasoft_llc_aee3b280419cee0f2d32c327269bb22e
"Harris CareTracker, Inc",https://ct-fhir.harrisambulatory.com/Endpoints/R4,../npd_ehr_scrape_cache/cehrt_fhir_json/harris_caretracker_inc_1d6106d5d0489e72dacc4055f0f197df
Unknown,https://developer.bcbsfl.com/interop/interop-developer-portal/product/306/api/285#/CMSInteroperabilityPatientAccessMetadata_100/operation/%2FR4%2Fmetadata/get,../npd_ehr_scrape_cache/cehrt_fhir_json/unknown_b7a94b8c9ea98aaec14f70342c5d9a36
Unknown,https://developer.bcbsfl.com/interop/interop-developer-portal/product/309/api/288#/CMSInteroperabilityPayer2PayerOutboundMetadata_100/operation/%2FP2P%2FR4%2Fmetadata/get,../npd_ehr_scrape_cache/cehrt_fhir_json/unknown_33a17928a26d383643086787b0dc0761
Unknown,https://developer.cigna.com/docs/service-apis/patient-access/implementation-guide#Implementation-Guide-Base-URL,../npd_ehr_scrape_cache/cehrt_fhir_json/unknown_5511c63964ce61dc842bc957609a3674
Kaiser Permanente/CIDS,https://developer.kp.org/#/apis/639c015049655aa96ab5b2f1,../npd_ehr_scrape_cache/cehrt_fhir_json/kaiser_permanente_cids_93705eabef93bb4357402a185d269801
Unknown,https://developers.humana.com/apis/patient-api/doc,../npd_ehr_scrape_cache/cehrt_fhir_json/unknown_515d419ef63aab1cc40cdef033651ca8
"NaphCare, Inc.",https://devportal.techcareehr.com/ValidURLs.json,../npd_ehr_scrape_cache/cehrt_fhir_json/naphcare_inc_b431c90eaf98e38b4d78f0dc5d038971
Streamline Healthcare Solutions,https://dhfhirpresentation.smartcarenet.com/fhir/r4/endpoints,../npd_ehr_scrape_cache/cehrt_fhir_json/streamline_healthcare_solutions_e2d0c2171f9c96bbac4742605cfcb731
"Canvas Medical, Inc.",https://docs.canvasmedical.com/assets/static/fhir-service-base-urls-production.json,../npd_ehr_scrape_cache/cehrt_fhir_json/canvas_medical_inc_ac9d025266a298190ac28296d0db345d
Firely USA Inc.,https://docs.fire.ly/projects/Firely-Server/en/latest/_static/g10/EndpointBundleFirely.json,../npd_ehr_scrape_cache/cehrt_fhir_json/firely_usa_inc_9095790ca5ad973a3d6d48c427fea1b8
"MediFusion, LLC",https://docs.medifusion.com/,../npd_ehr_scrape_cache/cehrt_fhir_json/medifusion_llc_927f52b48f910b0efea2174b549a556e
DOX EMR,https://doxpodfhir-dmezayd2cbead2f8.centralus-01.azurewebsites.net/api,../npd_ehr_scrape_cache/cehrt_fhir_json/dox_emr_e0e949f8576ab287f26ce968a70a07b2
drchrono Inc.,https://drchrono-fhirpresentation.everhealthsoftware.com/fhir/r4/endpoints,../npd_ehr_scrape_cache/cehrt_fhir_json/drchrono_inc_c0aaacb243932a2f36f36a7152b14262
"EnSoftek, Inc",https://drcloudehr.com/drcloudehr/drcloud-service-base-urls.json,../npd_ehr_scrape_cache/cehrt_fhir_json/ensoftek_inc_da96204b76c2ca461f772291b86d518c
"Keiser Computers, Inc.",https://drsdoc.com/ValidURLs.json,../npd_ehr_scrape_cache/cehrt_fhir_json/keiser_computers_inc_a4ee0a18fa75d5f2484b23416aa49b8b
"DSS, Inc.",https://dssjess-dev-web.dssinc.com/fhir/r4/endpoints,../npd_ehr_scrape_cache/cehrt_fhir_json/dss_inc_a055cb9f8f9d94e52a849a8684a95772
"Dynamic Health IT, Inc",https://dynamicfhirpresentation.dynamicfhirsandbox.com/fhir/r4/endpoints,../npd_ehr_scrape_cache/cehrt_fhir_json/dynamic_health_it_inc_c43fec58c84d685cff61e6cd00e22462
Enable Healthcare Inc.,https://ehifhir.ehiconnect.com/fhir/r4/endpoints,../npd_ehr_scrape_cache/cehrt_fhir_json/enable_healthcare_inc_4a62dcf3b9383479b002d7d5af3094fc
"Radysans, Inc",https://ehrwebapi.cutecharts.com/endpoint,../npd_ehr_scrape_cache/cehrt_fhir_json/radysans_inc_d87bdd9957807a529566457206966241
"Radysans, Inc",https://ehrwebapi.cutecharts.com/radywebapi/endpoint,../npd_ehr_scrape_cache/cehrt_fhir_json/radysans_inc_d988bbb6cbeabb52041aa9e68a50926a
"Adaptamed, LLC",https://ehryourway.com/content/fhir-service-urls.json,../npd_ehr_scrape_cache/cehrt_fhir_json/adaptamed_llc_47d439f4130f7692caea161fa0b4d2bd
Aarista Technology LLC,https://emrfhirpresentation.aarista.com/fhir/r4/endpoints,../npd_ehr_scrape_cache/cehrt_fhir_json/aarista_technology_llc_98dd118c306868b25684644c95fe4c75
The Echo Group,https://ensorahealth.com/onc/echo/fhir/r4/Endpoint,../npd_ehr_scrape_cache/cehrt_fhir_json/the_echo_group_bf7be8370b8034dbc1b396c6f7811c91
Elekta Inc.,https://erx.elektacloud.com/FhirEndpointsWeb4_0/Home/Download?mode=1&country=USA%2CUS,../npd_ehr_scrape_cache/cehrt_fhir_json/elekta_inc_76fa5e9bb0d90635456243e1f2ac98d5
"VIPA Health Solutions, LLC",https://ezedev.smartemr.com/fhir_sburl/,../npd_ehr_scrape_cache/cehrt_fhir_json/vipa_health_solutions_llc_2cbfbd6ccd7abe0a46f034fe3473a674
"Vohra Wound Physicians Management, LLC",https://facilityportal.vohrawoundteam.com/vohra-service-urls.json,../npd_ehr_scrape_cache/cehrt_fhir_json/vohra_wound_physicians_management_llc_c4251a1e507578679c85028a9d580166
"Health Information Management Systems, LLC",https://fhir-api.hmsfirst.com/r4/EndPoints,../npd_ehr_scrape_cache/cehrt_fhir_json/health_information_management_systems_llc_c2f8c149ba4c8524a6545b2ddeaa63de
"Medical Information Technology, Inc. (MEDITECH)",https://fhir-apis.meditech.com/v1/brands,../npd_ehr_scrape_cache/cehrt_fhir_json/medical_information_technology_inc_meditech_1cf6faf4d8dcbed97f2751e924fff1d5
"Softbir, Inc.",https://fhir-dev.cloudmd365.com/public-base-url-info,../npd_ehr_scrape_cache/cehrt_fhir_json/softbir_inc_40fb593c7222f146e0f3a829780fe7c6
Edvak Technologies Inc,https://fhir-dev.edvak.com/fhir/.well-known/service-base-url.json,../npd_ehr_scrape_cache/cehrt_fhir_json/edvak_technologies_inc_112272f30cf07498c24b6431718a8a2a
"Acurus Solutions, Inc.",https://fhir-g10.capellaehr.com/fhir/r4/endpoints,../npd_ehr_scrape_cache/cehrt_fhir_json/acurus_solutions_inc_d35187aed368f52dd2858a84a2d704ec
WRS Health,https://fhir-server.sam.wrs.dev/r4/ServiceBase,../npd_ehr_scrape_cache/cehrt_fhir_json/wrs_health_d26340d1477608773b03c70fa116d900
Advanced Data Systems Corporation,https://fhir-service.medicscloud.com/da/get-clients-end-points,../npd_ehr_scrape_cache/cehrt_fhir_json/advanced_data_systems_corporation_39bf6843af633b73ecc1a2a375a3e6c8
Advanced Data Systems Corporation,https://fhir-service.medicscloud.com/mc/get-clients-end-points,../npd_ehr_scrape_cache/cehrt_fhir_json/advanced_data_systems_corporation_d0e6e74cb628cb528c7324b830c583a6
"Greenway Health, LLC",https://fhir-servicebaseurl.fhirhlprod.greenwayhealth.com/servicebundle.json,../npd_ehr_scrape_cache/cehrt_fhir_json/greenway_health_llc_59b0bcf1b204c99bc48c001d80cc0b40
"TruBridge, Inc.",https://fhir-usa.unify.chbase.com/.well-known/endpoint,../npd_ehr_scrape_cache/cehrt_fhir_json/trubridge_inc_98a0efa692acc63976bc37ba0826e97f
TenEleven Group,https://fhir.10e11.com/fhir/r4/endpoints,../npd_ehr_scrape_cache/cehrt_fhir_json/teneleven_group_1f5e5c15b13b689746f2bbdc95333517
"AllegianceMD Software, Inc.",https://fhir.allegiancemd.io/R4/urls/endpoints.json,../npd_ehr_scrape_cache/cehrt_fhir_json/allegiancemd_software_inc_0803e5ad7f364d7f21a2a186f38a1bd6
Compulink Healthcare Solutions,https://fhir.compulinkadvantage.com/endpoints,../npd_ehr_scrape_cache/cehrt_fhir_json/compulink_healthcare_solutions_31e2dca501c3c99eec617a4485b1cdca
"Applied Research Works, Inc.",https://fhir.cozeva.com/r4Endpoints.json,../npd_ehr_scrape_cache/cehrt_fhir_json/applied_research_works_inc_e130ae1503043614c79616b1c76e8c78
"DigiDMS, Inc.",https://fhir.digidms.com/fhir.json,../npd_ehr_scrape_cache/cehrt_fhir_json/digidms_inc_30456e7288539fc09764f0eccb211d28
"eClinicalWorks, LLC",https://fhir.eclinicalworks.com/ecwopendev/external/practiceList?pageId=1,../npd_ehr_scrape_cache/cehrt_fhir_json/eclinicalworks_llc_d70e323ca0db4d32bea4f7c8a76686a8
"Elation Health, Inc.",https://fhir.elationemr.com/fhir/fhir-base-url,../npd_ehr_scrape_cache/cehrt_fhir_json/elation_health_inc_01e07016b78ca3b99dce8bcfb8da7ce0
"DocToMe, Inc.",https://fhir.ethizo.com/api/4.0.0/service_based_url,../npd_ehr_scrape_cache/cehrt_fhir_json/doctome_inc_1c145d17bd33da1368482c0b50afe0e6
"Foothold Technology, Inc.",https://fhir.footholdtechnology.com/Endpoint,../npd_ehr_scrape_cache/cehrt_fhir_json/foothold_technology_inc_21ca87ec5719aa127e5f3e36abef9c9f
Genensys LLC,https://fhir.genensys.com/fhir/ServiceBaseURLs.json,../npd_ehr_scrape_cache/cehrt_fhir_json/genensys_llc_8b61b4278beab13b334129f17a59f17a
First Insight Corporation,https://fhir.maximeyes.com/api/maximeyes.com/R4/PracticeBundle,../npd_ehr_scrape_cache/cehrt_fhir_json/first_insight_corporation_4fe6ddbb6b3fd36d7b6f13690175e5be
MaxRemind Inc,https://fhir.maximus.care/api/service_based_url,../npd_ehr_scrape_cache/cehrt_fhir_json/maxremind_inc_a286005d52997aeafb8b8a8339bc0902
MDLAND,https://fhir.mdland.net/ai/MDLandServiceBaseURLBundle.json,../npd_ehr_scrape_cache/cehrt_fhir_json/mdland_895e255ebcfd4ad4c250fa3440774d6d
Benchmark Systems,https://fhir.mdnavigatorclinical.com/fhirurlpublication/api/endpoint,../npd_ehr_scrape_cache/cehrt_fhir_json/benchmark_systems_c300eadadd71257b89c4d2c8c3a8ee5e
"MEDENT - Community Computer Service, Inc.",https://fhir.medent.com/fhir/resources/ServiceBaseURL.php,../npd_ehr_scrape_cache/cehrt_fhir_json/medent_community_computer_service_inc_87fac7cad90e98e98c3a0cbdca275ed8
NextGen Healthcare,https://fhir.meditouchehr.com/api/fhir/r4/endpoint,../npd_ehr_scrape_cache/cehrt_fhir_json/nextgen_healthcare_0b7d5930a913fe0eae933a82c34439d4
"MedAZ.Net, LLC",https://fhir.mhealthaz.com/servceurlsmedaz.json,../npd_ehr_scrape_cache/cehrt_fhir_json/medaz_net_llc_201f5b541da4be6b0ffbc60dd3611d00
Mendelson Kornblum Orthopedic & Spine Specialists,https://fhir.mkoss.com/FhirDocs/downloadJSON,../npd_ehr_scrape_cache/cehrt_fhir_json/mendelson_kornblum_orthopedic_spine_specialists_36bda2b76eda2ef5381096e4377f3ecf
TRIARQ Practice Services,https://fhir.myqone.com/api/FHIR/R4/EndpointBundle,../npd_ehr_scrape_cache/cehrt_fhir_json/triarq_practice_services_dcedd6a33c586ecf436ad27111ca8f91
Netsmart Technologies,https://fhir.netsmartcloud.com/brand/brands.json,../npd_ehr_scrape_cache/cehrt_fhir_json/netsmart_technologies_d9c94db8d2b7b0057cda690c45033c02
PCIS GOLD,https://fhir.pcisgold.com/fhirdocs/practices,../npd_ehr_scrape_cache/cehrt_fhir_json/pcis_gold_36399432dd7c7ed79eaf66a939c1dce7
PointClickCare Technologies Inc.,https://fhir.pointclickcare.com/R4endpoints.json,../npd_ehr_scrape_cache/cehrt_fhir_json/pointclickcare_technologies_inc_6c16472156096e7a291748d007f8dede
Practice EHR LLC,https://fhir.practiceehr.com/servicebaseurl.json,../npd_ehr_scrape_cache/cehrt_fhir_json/practice_ehr_llc_8644b81817b625dae45637edf81122d9
"Sophrona Solutions, Inc.",https://fhir.practicegateway.net/smart/Endpoint?_format=application/json,../npd_ehr_scrape_cache/cehrt_fhir_json/sophrona_solutions_inc_f098f7c135ebe3b2706d10cac426222d
"Tebra Technologies, Inc.",https://fhir.prd.cloud.tebra.com/fhir-organizations,../npd_ehr_scrape_cache/cehrt_fhir_json/tebra_technologies_inc_d22e0b93242b41b3617df2faa309ea5e
Procentive,https://fhir.procentive.com/fhir/r4/endpoints,../npd_ehr_scrape_cache/cehrt_fhir_json/procentive_4cfea213359bfae80eefe6573979101c
Flatiron Health,https://fhir.prod.flatiron.io/fhir,../npd_ehr_scrape_cache/cehrt_fhir_json/flatiron_health_8fae89a0ebb741d8264bbb38419c03a0
"Welligent, Part of the ContinuumCloud",https://fhir.qa.welligent.com/fhir/r4/endpoints,../npd_ehr_scrape_cache/cehrt_fhir_json/welligent_part_of_the_continuumcloud_96a77e201b1f790bb029fdf7fa4af21d
"SolidPractice Technologies, LLC",https://fhir.solidpractice.com/Endpoints-R4.json,../npd_ehr_scrape_cache/cehrt_fhir_json/solidpractice_technologies_llc_28b0137dff1b4789d05c7ce3db190c74
Saisystems International,https://fhir.thesnfist.com/endpointlist,../npd_ehr_scrape_cache/cehrt_fhir_json/saisystems_international_5644f585775509d4f7a3180198c10010
TriMed Technologies,https://fhir.trimed.cloud/bundle,../npd_ehr_scrape_cache/cehrt_fhir_json/trimed_technologies_6a7ff7f5f4d2d83972988d1d6412074c
TronsHealth LLC,https://fhir.tronshealth.com/fhir/R4/Endpoint,../npd_ehr_scrape_cache/cehrt_fhir_json/tronshealth_llc_bbe02df93e7a8a484969b122b79672ad
ASP.MD Inc.,https://fhirapi.asp.md:3030/aspmd/fhirserver/endpoints.asp,../npd_ehr_scrape_cache/cehrt_fhir_json/asp_md_inc_9df16d11b49c5b90c112da2a2e42bf30
"EndoSoft, LLC",https://fhirapi.endosoft.com/apiendpoints.json,../npd_ehr_scrape_cache/cehrt_fhir_json/endosoft_llc_aa4fb29e05337ad0d37787c345717b2d
InteliChart LLC,https://fhirapi.intelichart.com/servicebaseurls,../npd_ehr_scrape_cache/cehrt_fhir_json/intelichart_llc_477dc646a4c3c5c7926eb56fd8198f9d
Medcare MSO,https://fhirapi.medcaremso.com/api/R4/BaseUrls,../npd_ehr_scrape_cache/cehrt_fhir_json/medcare_mso_4d1cd1f783e3a0a69a74acc036ed7305
"CloudCraft, LLC",https://fhirapi.naiacorp.net/fhir/r4/endpoints,../npd_ehr_scrape_cache/cehrt_fhir_json/cloudcraft_llc_2c802de9c62a23436e42dee1c9c5c11d
eMedPractice LLC,https://fhirbackup.emedpractice.com:8443/emedicalpracticebundle.json,../npd_ehr_scrape_cache/cehrt_fhir_json/emedpractice_llc_cf9ccf01f01bc74049d23a67166b0123
"CureMD.com, Inc.",https://fhirendpoint.curemd.net/fhir/DEFAULT/Bundle/ServiceBaseURLs,../npd_ehr_scrape_cache/cehrt_fhir_json/curemd_com_inc_3e771a3e2122c9fa913e71a26259cca2
"DSS, Inc.",https://fhirjuno-prod-web.dssinc.com/fhir/r4/endpoints,../npd_ehr_scrape_cache/cehrt_fhir_json/dss_inc_b8e017f5c69fc0699a67cd6787d3f2e7
"Medicus Clinical, LLC",https://fhirpresentation.assertus.com/fhir/r4/endpoints,../npd_ehr_scrape_cache/cehrt_fhir_json/medicus_clinical_llc_79250a5cc11c5972d9c02f7a586ec10b
"Prime Clinical Systems, Inc.",https://fhirpresentation.pcsdataxchg.com/fhir/r4/endpoints,../npd_ehr_scrape_cache/cehrt_fhir_json/prime_clinical_systems_inc_60c457a1618b13142a46934c76144bf0
Axxess,https://fhirpresentationdev.axxessweb.com/fhir/r4/endpoints,../npd_ehr_scrape_cache/cehrt_fhir_json/axxess_4deb3f42dd83fc5926ac754e65438d5d
"Office Ally, LLC",https://fhirpt.officeally.com/fhir/r4/endpoints,../npd_ehr_scrape_cache/cehrt_fhir_json/office_ally_llc_884863cafbe032df883ad0cab7f37f17
OmniMD Inc.,https://fhirregistration.omnimd.com/assets/json/user-access-brands-endpoint-bundle.json,../npd_ehr_scrape_cache/cehrt_fhir_json/omnimd_inc_925c7fc1b4c1c165e0e0adb3c396a0b6
Bizmatics Inc.,https://fhirurls.prognocis.com/fhirurlpublication/api/endpoint,../npd_ehr_scrape_cache/cehrt_fhir_json/bizmatics_inc_16a5fce9a1d7b213723a44f0c7a4e0e8
Helixbeat,https://fusion.helixbeat.com/fhir/R4/,../npd_ehr_scrape_cache/cehrt_fhir_json/helixbeat_f2e0f49128ca20f398c0ab1275224832
McKesson Specialty Health Technology Products LLC (Ontada),https://g2fhir-int.mckesson.com/xfhir/Endpoint,../npd_ehr_scrape_cache/cehrt_fhir_json/mckesson_specialty_health_technology_products_llc_ontada_9fc33bec8fc98400ba25f59e4342a0ae
"Health Care Systems, Inc.",https://hcswebportal.corporate.hcsinc.net/HCSClinicals_FHIR/api/Endpoint?connection-type=hl7-fhir-rest,../npd_ehr_scrape_cache/cehrt_fhir_json/health_care_systems_inc_7876b899acb18b90386108892d680dd3
"ReLi Med Solutions, LLC",https://help.relimedsolutions.com/fhir/r4-endpoint-bundle.json,../npd_ehr_scrape_cache/cehrt_fhir_json/reli_med_solutions_llc_f2f557d89af5bf2947432f51d8a865e8
"Infinx Solutions, LLC",https://icom.imedemr.com/icom50/html/emr/mvc/pages/fhir_bundle/index.php,../npd_ehr_scrape_cache/cehrt_fhir_json/infinx_solutions_llc_1f4180b5ec55bdea324f99c1e4b8d98c
Indian Health Service,https://ihs4dhapim.ihs.gov/base-url/base-url,../npd_ehr_scrape_cache/cehrt_fhir_json/indian_health_service_bd021e6fcfa80410228633c73fbc9fbf
InPracSys,https://inpracsys.com/wp-content/uploads/2024/12/FhirServiceBaseBundleV10.json,../npd_ehr_scrape_cache/cehrt_fhir_json/inpracsys_f36f50efb8ed4b3570e6c1df2ead091b
"EHNOTE,INC",https://interop.ehnote.com/fhir/servicebaseurl.json,../npd_ehr_scrape_cache/cehrt_fhir_json/ehnote_inc_3b88f0d9fbde66478d7d7f7fc538ad57
Unknown,https://interoperability.hcsc.com/s/provider-directory-api,../npd_ehr_scrape_cache/cehrt_fhir_json/unknown_038f5af6618b2cdc4786fddd302e50c4
MedPharm Services LLC,https://irp.cdn-website.com/b9c8e2cb/files/uploaded/fhir-endpoints-79e491b6.json,../npd_ehr_scrape_cache/cehrt_fhir_json/medpharm_services_llc_c32eabae90c34b3199f9cb93c3a23539
iSALUS Healthcare,https://isalus-fhirpresentation.everhealthsoftware.com/fhir/r4/endpoints,../npd_ehr_scrape_cache/cehrt_fhir_json/isalus_healthcare_eeced4c59e36af2952efa489ce8f30a3
Vision Infonet Inc,https://mdcare.com/resources/API.json,../npd_ehr_scrape_cache/cehrt_fhir_json/vision_infonet_inc_a631a734d53e5e01fd5be7751ab6a029
"TechSoft, Inc.",https://mdrfhirapi.mdronline.net/files/ServiceURL.json,../npd_ehr_scrape_cache/cehrt_fhir_json/techsoft_inc_cc4657fdcc2753e290338a255aeb418d
"MicroMD, LLC",https://micromd.dynamicfhir.com/fhir/r4/endpoints,../npd_ehr_scrape_cache/cehrt_fhir_json/micromd_llc_b5968c3ee2cd015034119ca62d34ef13
Medical Informatics Engineering,https://mie.webchartnow.com/?f=layoutnouser&name=FHIR-EndPoints&json,../npd_ehr_scrape_cache/cehrt_fhir_json/medical_informatics_engineering_912c1a95d9efdb43ad333156c8e857f9
ModuleMD,https://mmdpcf.modulemd.com/cf.fhir.r4/ServiceBaseURL.json,../npd_ehr_scrape_cache/cehrt_fhir_json/modulemd_5828bf2c1c2d55b9a843036ec57f2324
"MD Charts, LLC",https://mraemr.com/images/ValidURLs.json,../npd_ehr_scrape_cache/cehrt_fhir_json/md_charts_llc_f25672b4c8bf9f09ca9e983b75b1cbb2
"athenahealth, Inc.",https://mydata.athenahealth.com/static/servicebaseurls.json,../npd_ehr_scrape_cache/cehrt_fhir_json/athenahealth_inc_f1b780522ffbe342f269535c880f2840
"Astronaut, LLC",https://oauth.astronautehr.com/SmartOnFHIR/ValidURLs.json,../npd_ehr_scrape_cache/cehrt_fhir_json/astronaut_llc_ebb6a96032e7453bce687c328323f021
"Abeo Solutions, Inc",https://oauth.crystalpm.net/SmartOnFHIR/ValidURLs.json,../npd_ehr_scrape_cache/cehrt_fhir_json/abeo_solutions_inc_87133ed24a4073af176beaf74cd27a1e
AssureCare LLC,https://oauth.ipatientcare.net/api/FHIREndpoint,../npd_ehr_scrape_cache/cehrt_fhir_json/assurecare_llc_046465ff3cab031fe6b3f9b4cfced136
"MicroFour, Inc.",https://oauth.patientwebportal.com/Fhir/DownloadBundle,../npd_ehr_scrape_cache/cehrt_fhir_json/microfour_inc_514680485994cc6cb14fc37849b7c174
"PracticeSuite, Inc.",https://oauth.practicesuite.com/SmartOnFHIR/ValidURLs.json,../npd_ehr_scrape_cache/cehrt_fhir_json/practicesuite_inc_4550754f178e26271eb294a801e1578e
"SMARTMD Technologies, Inc.",https://oauth.smartmd.com/SmartOnFHIR/ValidURLs.json,../npd_ehr_scrape_cache/cehrt_fhir_json/smartmd_technologies_inc_6168425487099b10bf5a266ea625e6bb
"WEBeDoctor, Inc.",https://oauth.webedoctor.com:9445/SmartOnFHIR/validurls.json,../npd_ehr_scrape_cache/cehrt_fhir_json/webedoctor_inc_7de0125b8b367c0084351e846798cc6d
"Objective Medical Systems, LLC",https://objectivemedicalsystems.com/wp-content/uploads/2025/01/fhir-endpoints-g-10-bundle-2.json,../npd_ehr_scrape_cache/cehrt_fhir_json/objective_medical_systems_llc_724e7c2df3561e8d0db79d06d51fa026
"OT EMR, Inc.",https://onetouchemr.com/ServiceBaseURLS.json,../npd_ehr_scrape_cache/cehrt_fhir_json/ot_emr_inc_6d17500e6969ea5c7442307ba62b0a12
"CliniComp, Intl.",https://open-api.clinicomp.com:8445/fhir/Organization?_include=Organization:endpoint,../npd_ehr_scrape_cache/cehrt_fhir_json/clinicomp_intl_4c79a6a1e7298d5d7903ad635690e8a1
Altera Digital Health Inc.,https://open.allscripts.com/fhirendpoints/download/R4?endpointFilter=Patient,../npd_ehr_scrape_cache/cehrt_fhir_json/altera_digital_health_inc_c989ef563bc8b01852d0e14771712398
Epic Systems Corporation,https://open.epic.com/Endpoints/Brands,../npd_ehr_scrape_cache/cehrt_fhir_json/epic_systems_corporation_2468aac39569c35f5a9ddcd6b71f7b86
Veradigm,https://open.platform.veradigm.com/fhirendpoints/download/R4?endpointFilter=Patient,../npd_ehr_scrape_cache/cehrt_fhir_json/veradigm_970f3987925534e04c03216e9ff85f5a
"CareEvolution, Inc.",https://patient360.anthem.com/P360Member/fhir,../npd_ehr_scrape_cache/cehrt_fhir_json/careevolution_inc_f7aa77b353a39427f1b6f6430268febf
"StreamlineMD, LLC",https://patientportal.streamlinemd.com/FHIRReg/Servicebaseurl.json,../npd_ehr_scrape_cache/cehrt_fhir_json/streamlinemd_llc_6d0e679023eb5b607c627d3a8c05459e
Doc-tor.com,https://pic-fhir.harrisambulatory.com/endpoints/r4,../npd_ehr_scrape_cache/cehrt_fhir_json/doc_tor_com_b68b4c28f29e2e96a4d736097bb2f78c
BroadStreet Health LLC,https://portal.broadstreetcare.com/api/fhir/service-base,../npd_ehr_scrape_cache/cehrt_fhir_json/broadstreet_health_llc_437e96dbe9e2f4de3bea44b99304788f
"Lille Group, Inc.",https://portal.escribe.com/ehr/api/endpoint-and-organizations-bundle,../npd_ehr_scrape_cache/cehrt_fhir_json/lille_group_inc_59e5a926895bb2bad92c2cdc425a3966
"ezCaretech Co., Ltd.",https://portal.ezcaretech.com:30112/fhir/baseUrls.json,../npd_ehr_scrape_cache/cehrt_fhir_json/ezcaretech_co_ltd_79b955557c8d9821f8d0117a47d82b11
"Integra Connect Newco, LLC",https://portal.minerva.integracloud.com/minerva/fhir/r4/us-core/bundle,../npd_ehr_scrape_cache/cehrt_fhir_json/integra_connect_newco_llc_2da7407c17cf7fde3d748845d1a3ac55
"Health Systems Technology, Inc.",https://portal.viewmymed.com/fhir/Endpoint,../npd_ehr_scrape_cache/cehrt_fhir_json/health_systems_technology_inc_2ade45c1f52b12c19a0a24948e4dd203
"Medi-EHR, LLC",https://proda.mediemr.net:8443/pls/htmldb/MEDIDATA.GEN_FHIR_JSON_FOR_ALL_OFFICES,../npd_ehr_scrape_cache/cehrt_fhir_json/medi_ehr_llc_3b720e4da641fdeff769cf8a307dfa36
agilon health inc.,https://product.mphrx.com/minerva/fhir/r4/bundle,../npd_ehr_scrape_cache/cehrt_fhir_json/agilon_health_inc_0c5685e048767b02cee715400ef800a6
"myhELO, Inc.",https://provider.myhelo.com/fhir/base,../npd_ehr_scrape_cache/cehrt_fhir_json/myhelo_inc_802873a6d332e780c07a692713ff2a15
AdvancedMD,https://providerapi.advancedmd.com/v1/r4/endpoints,../npd_ehr_scrape_cache/cehrt_fhir_json/advancedmd_e00d17d2867b01b204becffa2224ee67
"Modernizing Medicine Gastroenterology, LLC",https://public-api.gastro.prod.fhir.ema-api.com/public/fhir/r4/Endpoint?_include=Endpoint:managingOrganization&connection-type=hl7-fhir-rest,../npd_ehr_scrape_cache/cehrt_fhir_json/modernizing_medicine_gastroenterology_llc_c2038246c152231b4dc272321122c272
"Eyefinity, Inc.",https://public-api.mmi.prod.fhir.ema-api.com/public/fhir/r4/Endpoint?_include=Endpoint:managingOrganization&connection-type=hl7-fhir-rest,../npd_ehr_scrape_cache/cehrt_fhir_json/eyefinity_inc_7f49a3ffd9754854012a649ba6df4325
MassLight,https://public-files.oystehr.com/endpoint.json,../npd_ehr_scrape_cache/cehrt_fhir_json/masslight_b68c23892c80e68e9b1842f237f05afc
"Pulse Systems, Inc",https://pul-fhir.harrisambulatory.com/endpoints/r4,../npd_ehr_scrape_cache/cehrt_fhir_json/pulse_systems_inc_31f6ddf90042e88d30fc2252807b8221
"US Monitoring, Inc.",https://qaoauth.usmon.com/SmartOnFHIR/ValidURLs.json,../npd_ehr_scrape_cache/cehrt_fhir_json/us_monitoring_inc_d75e6c341117b5972d941f3b71378082
Oracle Health,https://raw.githubusercontent.com/oracle-samples/ignite-endpoints/refs/heads/main/oracle_health_fhir_endpoints/millennium_patient_r4_endpoints.json,../npd_ehr_scrape_cache/cehrt_fhir_json/oracle_health_11651ae92c7a7a69372bcfcffa2fe405
Oracle Health,https://raw.githubusercontent.com/oracle-samples/ignite-endpoints/refs/heads/main/oracle_health_fhir_endpoints/soarian_patient_r4_endpoints.json,../npd_ehr_scrape_cache/cehrt_fhir_json/oracle_health_c44b48f8932b5c56d57a663f20502413
"Qualifacts Systems, LLC",https://resources.insynchcs.com/docrepos/InSyncDocs/insync-fhir-org-list.json,../npd_ehr_scrape_cache/cehrt_fhir_json/qualifacts_systems_llc_e48f7721fc82b06602d9c527f3ab8809
"Health Innovation Technologies, Inc.",https://revolutionehr.dynamicfhir.com/fhir/r4/endpoints,../npd_ehr_scrape_cache/cehrt_fhir_json/health_innovation_technologies_inc_91b187f1ce313602e64a50363932549e
"Royal Health, Inc.",https://royalsolutionsgroup.com/web/company/cert/FHIRBundleEndpoint.json,../npd_ehr_scrape_cache/cehrt_fhir_json/royal_health_inc_59a05d37380f77cb98152e2495dd5fb1
"Practice Alternatives, Inc.",https://sandbox.pai.healthcare/preview/fhir/servicebaseurls,../npd_ehr_scrape_cache/cehrt_fhir_json/practice_alternatives_inc_8f1eb163b123955922a658581843f16e
"athenahealth, Inc.",https://service-base-urls.api.fhir.athena.io/athena-fhir-service-base-urls.json,../npd_ehr_scrape_cache/cehrt_fhir_json/athenahealth_inc_53f1f907e6919c0dd81ced0591b93f43
ezEMRx Inc,https://services.ezemrx.com/ezEMRx/fhir/ezemrxBundleValid.json,../npd_ehr_scrape_cache/cehrt_fhir_json/ezemrx_inc_365eacfb1d24738bb7c7b9d52988f115
NextGen Healthcare,https://services.fhir.nextgen.com/FhirServiceBaseBundle-R4,../npd_ehr_scrape_cache/cehrt_fhir_json/nextgen_healthcare_6c0ed0029de00be6c432e58d522e3554
Net Health,https://sfp-fhirprod.azurewebsites.net/fhir/endpoints.json,../npd_ehr_scrape_cache/cehrt_fhir_json/net_health_6967c008c3e8b0cc7002d983143cc49a
"Healogics, Inc.",https://sfp-proxy9794.azurewebsites.net/fhir/base-url,../npd_ehr_scrape_cache/cehrt_fhir_json/healogics_inc_31cba895a17a19d520c63085c70e4186
"iCare.com, Inc.",https://shadow.icaresite.com/endpoints/service-base-urls.json,../npd_ehr_scrape_cache/cehrt_fhir_json/icare_com_inc_f313b4406b60534ddb2a0e5f84a79903
"Health Samurai, Inc.",https://smartbox.aidbox.app/service-base-urls,../npd_ehr_scrape_cache/cehrt_fhir_json/health_samurai_inc_34a1e14c7cb0761ae8d579290db70f56
"EyeMD EMR Healthcare Systems, Inc.",https://smartonfhir.myeyecarerecords.com/fhir/Organization?_include=Organization:endpoint&type=prov&_format=application/fhir+json,../npd_ehr_scrape_cache/cehrt_fhir_json/eyemd_emr_healthcare_systems_inc_dbb2c800b0c9f414238366c576603535
"NovoMedici, LLC",https://smartserver.novoclinical.com/.well-known/bundle,../npd_ehr_scrape_cache/cehrt_fhir_json/novomedici_llc_69f66e319272c35d08be5695872e48ed
Smile CDR Inc. (doing business as Smile Digital Health),https://smilecdr.com/docs/javascript_execution_environment/fhir_rest.html,../npd_ehr_scrape_cache/cehrt_fhir_json/smile_cdr_inc_doing_business_as_smile_digital_health_15d7d2af5a7a1ca0aaa74196fad7824c
Glenwood Systems LLC,https://static.glaceemr.com/endpoints/urls.json,../npd_ehr_scrape_cache/cehrt_fhir_json/glenwood_systems_llc_013bf8769057370ea8b1f06eefc33bb5
Tenzing Medical LLC,https://tenzing.api.prod.bridgepatientportal.com/fhir/r4/service-base-url,../npd_ehr_scrape_cache/cehrt_fhir_json/tenzing_medical_llc_97c2c7bbb0aaacdcad3d54cdc6b4234c
"Strateq Health, Inc.",https://testauth.strateqhealth.com/SmartOnFHIR/ValidURLs.json,../npd_ehr_scrape_cache/cehrt_fhir_json/strateq_health_inc_67e7cd30a6c1b6ba6f23ee00a7ff0dfc
"Theoria Medical, PLLC",https://theoriamedical-api.charteasy.com/fhir/Theoria_ServiceBaseUrlBundle.json,../npd_ehr_scrape_cache/cehrt_fhir_json/theoria_medical_pllc_2e4574957a20f36e8ba42558e6d88f74
Avon Health,https://trial.avonhealth.com/fhir/.well-known/service-base-url,../npd_ehr_scrape_cache/cehrt_fhir_json/avon_health_7dea953ca318857d4a35319758ff8387
Varian Medical Systems,https://varian.dynamicfhir.com/fhir/r4/endpoints,../npd_ehr_scrape_cache/cehrt_fhir_json/varian_medical_systems_fe4a364477dca33cd3e28929702a7bba
VersaSuite,https://versasuite.com/VersaSuite_Drumond_Inferno_Endpoint.json,../npd_ehr_scrape_cache/cehrt_fhir_json/versasuite_d350960bba8804f8a0577ee93665e8d3
Magilen Enterprises Inc,https://wc.praxisclouds.net/Erika/api/v1/.servicebase/bundle,../npd_ehr_scrape_cache/cehrt_fhir_json/magilen_enterprises_inc_bff5d19a4648e4fe82791db6e1616d34
"Agastha, Inc.",https://www.agastha.com/FHIRServiceBaseURLBundle.json,../npd_ehr_scrape_cache/cehrt_fhir_json/agastha_inc_4862c4d21b8eef0e4d5753d395a7fdb5
Braintree Health,https://www.braintreehealth.com/wp-content/uploads/2024/12/mu-fhir.json,../npd_ehr_scrape_cache/cehrt_fhir_json/braintree_health_1dfe916cd12ba20816fbaaec5f025002
MedicalMine Inc.,https://www.charmhealth.com/resources/fhir/baseurls.json,../npd_ehr_scrape_cache/cehrt_fhir_json/medicalmine_inc_0b83e8a0ee3eb75b18267cc2ad8ce5fd
"CitiusTech, Inc.",https://www.citiustech.com/hubfs/assets/pdfs/connect_endpoint_json.json,../npd_ehr_scrape_cache/cehrt_fhir_json/citiustech_inc_dddab3b714c651b71131540f5d1afbaf
Cyfluent,https://www.cyfluentphr.com/fhirapi/service-base-url,../npd_ehr_scrape_cache/cehrt_fhir_json/cyfluent_2215746cbe645d2173db0dbf5abfaf55
eDerm Systems LLC,https://www.edermehr.com/sites/default/files/ValidURLs.json,../npd_ehr_scrape_cache/cehrt_fhir_json/ederm_systems_llc_196bf4817fc43e153211dc7a2292d532
eHana,https://www.ehana.com/kapu/fhir-server/ValidURLs.json,../npd_ehr_scrape_cache/cehrt_fhir_json/ehana_194cfbb901577e35fca7d9e94e33ebe0
Kanrad Technologies Inc,https://www.kantime.com/wp-content/uploads/2024/12/fhir-base-urls.json,../npd_ehr_scrape_cache/cehrt_fhir_json/kanrad_technologies_inc_8b476fb3010d86b63918a72dead0a6e2
"MDFlow EHR, LLC DBA: MDFlow Systems",https://www.mdflow.com/www/pdf%20files/ValidURLs.json,../npd_ehr_scrape_cache/cehrt_fhir_json/mdflow_ehr_llc_dba_mdflow_systems_7c027e9320a3c807bcf59d982d96bac9
"MD Logic, Inc.",https://www.mdlogiccloud.com/api/fhir/endpoints,../npd_ehr_scrape_cache/cehrt_fhir_json/md_logic_inc_2915c10b9f05b061a37a407395601abc
MedOne Healthcare Partners,https://www.medonehp.com/fhir/ValidURLs.json,../npd_ehr_scrape_cache/cehrt_fhir_json/medone_healthcare_partners_7bde0c93dd5096f46a2352cad0fd1e4d
Medplum,https://www.medplum.com/onc/base.json,../npd_ehr_scrape_cache/cehrt_fhir_json/medplum_2900ab554880fa664ab079f431c6e156
Nextech,https://www.nextech.com/hubfs/ICP_R4.json,../npd_ehr_scrape_cache/cehrt_fhir_json/nextech_6f6c1b8e6859d67d4dc22f1d73bab4da
Nextech,https://www.nextech.com/hubfs/NexCloud_R4.json,../npd_ehr_scrape_cache/cehrt_fhir_json/nextech_f46efa02c6cbb395f24e1dde45a736b8
PCE Systems,https://www.pcesystems.com/api_list.json,../npd_ehr_scrape_cache/cehrt_fhir_json/pce_systems_fd00d1a3b1e923c5cafc5aefa8ab4639
Practice Fusion,https://www.practicefusion.com/assets/static_files/ServiceBaseURLs.json,../npd_ehr_scrape_cache/cehrt_fhir_json/practice_fusion_57ea22cab5a5562c8c08df33bf9870ed
"Health Care 2000, Inc.",https://www.provider.care/FHIR/MDVitaFHIRUrls.json,../npd_ehr_scrape_cache/cehrt_fhir_json/health_care_2000_inc_cd3d9d8ef1bbdb36fefb6c1eda66f4e5
Inmediata Health Group LLC,https://www.secureemrplus.com/fhirurlpublication/api/endpoint,../npd_ehr_scrape_cache/cehrt_fhir_json/inmediata_health_group_llc_eb74af812f0869531e6cfa25f5e77f6b
Systemedx Inc,https://www.systemedx.com/API/endpoint.json,../npd_ehr_scrape_cache/cehrt_fhir_json/systemedx_inc_106578b04bf86dc308e2c3b6bd34d16c
Unknown,https://www.uhc.com/legal/interoperability-apis,../npd_ehr_scrape_cache/cehrt_fhir_json/unknown_ccaefb9dcfd52240ead37bfdaa6589e9
Metasolutions Inc,https://www.zoommd.com/Fhir-r4-Endpoints.json,../npd_ehr_scrape_cache/cehrt_fhir_json/metasolutions_inc_2b086a9f867e323d57a6206d92900927
