org_id,contact_url_hash
https://provider.myhelo.com/fhir/Organization/74,da9269c073c1c3a3
https://fhirendpoint.curemd.net/fhir/DEFAULT/Organization/CMD-CM0QX-Organization-2,23e02d09841d22f8
https://fhirendpoint.curemd.net/fhir/DEFAULT/Organization/CMD-CM1BY-Organization-2,41ad6acd305fcda9
https://fhirendpoint.curemd.net/fhir/DEFAULT/Organization/CMD-CM13F-Organization-2,fb19263a1b558f5f
https://fhirendpoint.curemd.net/fhir/DEFAULT/Organization/CMD-CM1D8-Organization-2,77ca11f8fac75002
https://fhirendpoint.curemd.net/fhir/DEFAULT/Organization/CMD-CM16T-Organization-2,ce89300c721a30b8
https://fhirendpoint.curemd.net/fhir/DEFAULT/Organization/CMD-CM0OY-Organization-2,5f586a7f103eb9e6
https://fhirendpoint.curemd.net/fhir/DEFAULT/Organization/CMD-CM1FT-Organization-2,ac30da848081dd18
https://fhirendpoint.curemd.net/fhir/DEFAULT/Organization/CMD-CMIZL-Organization-14,4d2ac03c20a8eefa
https://fhirendpoint.curemd.net/fhir/DEFAULT/Organization/CMD-CM144-Organization-2,8af4b61095ff4568
https://fhirendpoint.curemd.net/fhir/DEFAULT/Organization/CMD-CM1IY-Organization-2,dc92e791d3b7bce5
https://fhirendpoint.curemd.net/fhir/DEFAULT/Organization/CMD-CM19O-Organization-2,f6bc63a56fe85ebc
https://fhirendpoint.curemd.net/fhir/DEFAULT/Organization/CMD-CM0OR-Organization-2,e827eec0672cfc8b
https://fhirendpoint.curemd.net/fhir/DEFAULT/Organization/CMD-CM1DF-Organization-2,cca23088f11c8cb4
https://fhirendpoint.curemd.net/fhir/DEFAULT/Organization/CMD-CM0LC-Organization-2,6676e5af22d909b8
https://fhirendpoint.curemd.net/fhir/DEFAULT/Organization/CMD-CM15L-Organization-2,a0a10e38ef09ab92
https://fhirendpoint.curemd.net/fhir/DEFAULT/Organization/CMD-CM1H0-Organization-2,7c47ecd1315df635
https://fhirendpoint.curemd.net/fhir/DEFAULT/Organization/CMD-CM0FS-Organization-2,5d834c6d5c2587c3
https://fhirendpoint.curemd.net/fhir/DEFAULT/Organization/CMD-CM1AT-Organization-2,7cbe4777d32a75a8
https://fhirendpoint.curemd.net/fhir/DEFAULT/Organization/CMD-CM1C2-Organization-2,2aa08ae2a308f1b7
https://fhirendpoint.curemd.net/fhir/DEFAULT/Organization/CMD-CM1AM-Organization-2,4751f12e8dbb4eb1
https://fhirendpoint.curemd.net/fhir/DEFAULT/Organization/CMD-CM132-Organization-2,8c397f0bc029d39d
https://fhirendpoint.curemd.net/fhir/DEFAULT/Organization/CMD-CM14K-Organization-2,95fad3df70abc34b
https://fhirendpoint.curemd.net/fhir/DEFAULT/Organization/CMD-CM15R-Organization-2,ca533df7b63a816a
https://fhirendpoint.curemd.net/fhir/DEFAULT/Organization/CMD-CM1AK-Organization-2,acc452b24c152b1f
https://fhirendpoint.curemd.net/fhir/DEFAULT/Organization/CMD-CM0O8-Organization-2,9c2288f5477ed33c
https://fhirendpoint.curemd.net/fhir/DEFAULT/Organization/CMD-CM0XK-Organization-2,0e378f97eb4420ff
https://fhirendpoint.curemd.net/fhir/DEFAULT/Organization/CMD-CM0SP-Organization-2,b0cb675788a56f3f
urn:uuid:df285bc7-fc38-53a5-be3c-4f3819e1751b,6e483512d41f20f5
