contact_url_hash,system,value,use
da9269c073c1c3a3,url,provider.myhelo.com,
23e02d09841d22f8,url,www.yourgicenter.com,
41ad6acd305fcda9,url,sunrisefamilypractice.us,
fb19263a1b558f5f,url,www.ochd.org,
77ca11f8fac75002,url,https://www.palousespecialty.com/oncology,
ce89300c721a30b8,url,barrycountyhealth.com,
5f586a7f103eb9e6,url,www.weecarepeds.org,
ac30da848081dd18,url,https://www.garlandtx.gov/762/Public-Health-Clinic,
4d2ac03c20a8eefa,url,www.correctionalhealthmanagement.com,
8af4b61095ff4568,url,www.hopeandhealingcare.com,
dc92e791d3b7bce5,url,www.carbonhw.com,
f6bc63a56fe85ebc,url,https://www.mcleancountyil.gov/1304/Behavioral-Hea,
e827eec0672cfc8b,url,www.jonescountyhealth.com,
cca23088f11c8cb4,url,https://rosebudcountymt.gov/,
6676e5af22d909b8,url,www.urgentcaretexas.com,
a0a10e38ef09ab92,url,tricountyhd.com,
7c47ecd1315df635,url,www.hartfordschools.org,
5d834c6d5c2587c3,url,www.DavidWeissMD.com,
7cbe4777d32a75a8,url,www.parentingpath.org,
2aa08ae2a308f1b7,url,www.pottcounty.org,
4751f12e8dbb4eb1,url,www.pikecountyhealth.org,
8c397f0bc029d39d,url,https://www.co.routt.co.us/641/Public-Health,
95fad3df70abc34b,url,https://valkyrieclinicaltrials.com,
ca533df7b63a816a,url,www.vvsmd.com,
acc452b24c152b1f,url,www.txtelehealth.com,
9c2288f5477ed33c,url,http://www.burkenc.org/departments/health-departme,
0e378f97eb4420ff,url,primarycareanywhere.com,
b0cb675788a56f3f,url,myfamilydoctorpa.com,
6e483512d41f20f5,url,https://doylestownhealth.org/find-a-location/doylestown-health-doylestown-hospital-loc0000093376,
