org_id,email_hash
https://revolutionehr.dynamicfhir.com/fhir/r4/Organization/idzMNL0pFJ5pjpyAmQqHJw.g,6a0c7e485af1c6ec
https://revolutionehr.dynamicfhir.com/fhir/r4/Organization/idQAJe1l32m.zgzUpSsecF7Q,6a0c7e485af1c6ec
https://revolutionehr.dynamicfhir.com/fhir/r4/Organization/idSDSOsc7EskNCLvai.Ubyiw,6a0c7e485af1c6ec
https://revolutionehr.dynamicfhir.com/fhir/r4/Organization/idkDIMare-7Bp6eaRt2dajCQ,6a0c7e485af1c6ec
https://revolutionehr.dynamicfhir.com/fhir/r4/Organization/id-0yEgDxCIy8rSnrPzLuQXg,6a0c7e485af1c6ec
https://revolutionehr.dynamicfhir.com/fhir/r4/Organization/idw.8oM5w0teUm0D3yV5trQQ,6a0c7e485af1c6ec
https://revolutionehr.dynamicfhir.com/fhir/r4/Organization/idHQLYv5IMt.ktsTg4bOe60Q,6a0c7e485af1c6ec
https://revolutionehr.dynamicfhir.com/fhir/r4/Organization/idUjg4Os0IWY16TaYY7D9FxQ,6a0c7e485af1c6ec
https://revolutionehr.dynamicfhir.com/fhir/r4/Organization/id8rxill8ewWWR9AX1mp9irw,6a0c7e485af1c6ec
https://revolutionehr.dynamicfhir.com/fhir/r4/Organization/idFrY5uL44dtNFPiuJGEaGQg,6a0c7e485af1c6ec
https://revolutionehr.dynamicfhir.com/fhir/r4/Organization/idkOCsUrtML8rmrGyzl.wuCQ,6a0c7e485af1c6ec
https://revolutionehr.dynamicfhir.com/fhir/r4/Organization/id6iQk.a5ZEamktSy13g7qNA,6a0c7e485af1c6ec
https://revolutionehr.dynamicfhir.com/fhir/r4/Organization/idPN8c8M1ZdtDa0t7NgbVmSA,6a0c7e485af1c6ec
https://revolutionehr.dynamicfhir.com/fhir/r4/Organization/idk9SW5YUjQpCgbqHdssNntg,6a0c7e485af1c6ec
https://revolutionehr.dynamicfhir.com/fhir/r4/Organization/idAXbyOzF3PwEgscc.UWFw6g,6a0c7e485af1c6ec
https://revolutionehr.dynamicfhir.com/fhir/r4/Organization/idDAWoPUa9uQG7pdqD5YoYyQ,6a0c7e485af1c6ec
https://revolutionehr.dynamicfhir.com/fhir/r4/Organization/idiYjaNTtn.Nf6ljFaknutMw,6a0c7e485af1c6ec
https://revolutionehr.dynamicfhir.com/fhir/r4/Organization/idETu4NET5.E.RYxnajHSqJw,6a0c7e485af1c6ec
https://revolutionehr.dynamicfhir.com/fhir/r4/Organization/idYkSYHlOMNH0D7dcPsUkqUQ,6a0c7e485af1c6ec
https://revolutionehr.dynamicfhir.com/fhir/r4/Organization/idy4Mfh9spJ6OWo0-NWICAHA,6a0c7e485af1c6ec
https://revolutionehr.dynamicfhir.com/fhir/r4/Organization/idkkRU.a0iXHXmdIUy3sYIyA,6a0c7e485af1c6ec
https://revolutionehr.dynamicfhir.com/fhir/r4/Organization/idSsmdBAtAXG2IWnj09a7JLQ,6a0c7e485af1c6ec
https://revolutionehr.dynamicfhir.com/fhir/r4/Organization/iddEOn8o5Nf4ZvKCob3Xm4Yg,6a0c7e485af1c6ec
https://revolutionehr.dynamicfhir.com/fhir/r4/Organization/idrKr.-FOyr594R0J4XzEBkQ,6a0c7e485af1c6ec
https://revolutionehr.dynamicfhir.com/fhir/r4/Organization/idMFB9L6FIJpSRL4TDuAe.cg,6a0c7e485af1c6ec
https://revolutionehr.dynamicfhir.com/fhir/r4/Organization/idxXxISDNiBIHK0sEF0xsLjw,6a0c7e485af1c6ec
https://revolutionehr.dynamicfhir.com/fhir/r4/Organization/id3sTZoXyteC1rhxMizRgxIw,6a0c7e485af1c6ec
https://revolutionehr.dynamicfhir.com/fhir/r4/Organization/idX1a1MUJX93ZJX53FrgUnHQ,6a0c7e485af1c6ec
https://revolutionehr.dynamicfhir.com/fhir/r4/Organization/id8C7yYpbZO-dMpsqaRIofew,6a0c7e485af1c6ec
https://revolutionehr.dynamicfhir.com/fhir/r4/Organization/idtU.8ZeWaNmQjCBo8.Ir.4Q,6a0c7e485af1c6ec
https://revolutionehr.dynamicfhir.com/fhir/r4/Organization/idVa64tVrCTIyDLhpC4GsHHQ,6a0c7e485af1c6ec
https://revolutionehr.dynamicfhir.com/fhir/r4/Organization/idpaS9WIBCcv-s4jRRH6rX7A,6a0c7e485af1c6ec
https://revolutionehr.dynamicfhir.com/fhir/r4/Organization/idQaKEQ99Qb1h-lLQmAXe6nA,6a0c7e485af1c6ec
https://revolutionehr.dynamicfhir.com/fhir/r4/Organization/idWKhyMzI-h4cmkI-EVFjIuw,6a0c7e485af1c6ec
https://revolutionehr.dynamicfhir.com/fhir/r4/Organization/idgY9mEZ.oFdOLREu65TUXzQ,6a0c7e485af1c6ec
https://revolutionehr.dynamicfhir.com/fhir/r4/Organization/id.sp.QUrXlSrsTUa1pJiaEw,6a0c7e485af1c6ec
https://revolutionehr.dynamicfhir.com/fhir/r4/Organization/idu5OT67M0Sx0UMDmDmSAACA,6a0c7e485af1c6ec
https://revolutionehr.dynamicfhir.com/fhir/r4/Organization/idjfQO2RaRDwpWWBi3mKKWAg,6a0c7e485af1c6ec
https://revolutionehr.dynamicfhir.com/fhir/r4/Organization/id-s-318RK1P-NQ3MUoMk.Dw,6a0c7e485af1c6ec
https://revolutionehr.dynamicfhir.com/fhir/r4/Organization/idhB0JlBQGz-bmoBikVVvs9w,6a0c7e485af1c6ec
https://revolutionehr.dynamicfhir.com/fhir/r4/Organization/id5hNuluIvOCKcWeyy-jzovg,6a0c7e485af1c6ec
https://revolutionehr.dynamicfhir.com/fhir/r4/Organization/idpV9P06e3LoOWrv7AHa6jBA,6a0c7e485af1c6ec
https://revolutionehr.dynamicfhir.com/fhir/r4/Organization/idlM3ZQHuYcbWcbBJyv5B1XA,6a0c7e485af1c6ec
https://revolutionehr.dynamicfhir.com/fhir/r4/Organization/idE3tuDERIHdCVjgumKsdKcg,6a0c7e485af1c6ec
https://revolutionehr.dynamicfhir.com/fhir/r4/Organization/idKcut6ltKtMVgRKiscRqFIA,6a0c7e485af1c6ec
https://revolutionehr.dynamicfhir.com/fhir/r4/Organization/idXGL8BWSudvbk6FE3fRfoBQ,6a0c7e485af1c6ec
https://revolutionehr.dynamicfhir.com/fhir/r4/Organization/idtNvder7L2JQe2D8ehc69kg,6a0c7e485af1c6ec
https://revolutionehr.dynamicfhir.com/fhir/r4/Organization/idv2kVQ2e.v06EJdE1peqInQ,6a0c7e485af1c6ec
https://revolutionehr.dynamicfhir.com/fhir/r4/Organization/id1yp4PJfclrkkDrci2uSpgw,6a0c7e485af1c6ec
https://revolutionehr.dynamicfhir.com/fhir/r4/Organization/idg392th0NNQn5sa7yniZqig,6a0c7e485af1c6ec
https://revolutionehr.dynamicfhir.com/fhir/r4/Organization/idnh3N3lO0cMLlI9DllCH49g,6a0c7e485af1c6ec
https://revolutionehr.dynamicfhir.com/fhir/r4/Organization/idT4DozZe.KUpnlHZem6jRCQ,6a0c7e485af1c6ec
https://revolutionehr.dynamicfhir.com/fhir/r4/Organization/iddIGKw6eH32SBagfksH1QAg,6a0c7e485af1c6ec
https://revolutionehr.dynamicfhir.com/fhir/r4/Organization/idg3rlShpoU7qF4lcXoJ2C7w,6a0c7e485af1c6ec
https://revolutionehr.dynamicfhir.com/fhir/r4/Organization/idjzC4gNCnwsiYn54EBuPAJQ,6a0c7e485af1c6ec
https://revolutionehr.dynamicfhir.com/fhir/r4/Organization/idIplDao5tVJ1qnKZ7h5UdjA,6a0c7e485af1c6ec
https://revolutionehr.dynamicfhir.com/fhir/r4/Organization/idM5k6sHl-jzOPY71AwzEE0Q,6a0c7e485af1c6ec
https://revolutionehr.dynamicfhir.com/fhir/r4/Organization/idWqv8GUDO-duMCh0yQqVE8g,6a0c7e485af1c6ec
https://revolutionehr.dynamicfhir.com/fhir/r4/Organization/id7oZtL.Mi68r7Rvqchyz.kQ,6a0c7e485af1c6ec
https://revolutionehr.dynamicfhir.com/fhir/r4/Organization/idxfNPQfAYi5QccaQlMSM9dw,6a0c7e485af1c6ec
https://revolutionehr.dynamicfhir.com/fhir/r4/Organization/idsJ9o5vKcIiAnpGduvuNdWA,6a0c7e485af1c6ec
https://revolutionehr.dynamicfhir.com/fhir/r4/Organization/idmd0RBB8proUeEVAMGKawUQ,6a0c7e485af1c6ec
https://revolutionehr.dynamicfhir.com/fhir/r4/Organization/idueoSt9vFKzN5-7i8ZvTeqA,6a0c7e485af1c6ec
https://revolutionehr.dynamicfhir.com/fhir/r4/Organization/id4p4MW.Pn8ffkzlqFx74uVQ,6a0c7e485af1c6ec
https://revolutionehr.dynamicfhir.com/fhir/r4/Organization/idHZH2OWRvDfoZtdWNRAHNew,6a0c7e485af1c6ec
https://revolutionehr.dynamicfhir.com/fhir/r4/Organization/idJD82GH1peEg-LEM9VZ3Awg,6a0c7e485af1c6ec
https://revolutionehr.dynamicfhir.com/fhir/r4/Organization/id7ZBomUQmf0u1NiOn6FE38w,6a0c7e485af1c6ec
https://revolutionehr.dynamicfhir.com/fhir/r4/Organization/iddTQ7o.XSGK3GxIuBhiQCYQ,6a0c7e485af1c6ec
https://revolutionehr.dynamicfhir.com/fhir/r4/Organization/idEBaTPy2hyHxjTGiHdLPk9Q,6a0c7e485af1c6ec
https://revolutionehr.dynamicfhir.com/fhir/r4/Organization/idKL63-kMxxnt1VnjYcjRZCw,6a0c7e485af1c6ec
https://revolutionehr.dynamicfhir.com/fhir/r4/Organization/idyH1qTwyl2TWJrI-K1p2TwA,6a0c7e485af1c6ec
https://revolutionehr.dynamicfhir.com/fhir/r4/Organization/id931LzoXubueJQoyCWWZoWQ,6a0c7e485af1c6ec
https://revolutionehr.dynamicfhir.com/fhir/r4/Organization/idVQ6CYIi.4TkCZ7KuJzK3OQ,6a0c7e485af1c6ec
https://revolutionehr.dynamicfhir.com/fhir/r4/Organization/idsYfEyg3fWRHuPikxTojKbQ,6a0c7e485af1c6ec
https://revolutionehr.dynamicfhir.com/fhir/r4/Organization/idRNOqnWx7pAPP1fd2DYgwXw,6a0c7e485af1c6ec
https://revolutionehr.dynamicfhir.com/fhir/r4/Organization/idygFXmUzxkxg0S47q9K9URA,6a0c7e485af1c6ec
https://revolutionehr.dynamicfhir.com/fhir/r4/Organization/idrI5BKCWvwhU2ElVP4QbrDQ,6a0c7e485af1c6ec
https://revolutionehr.dynamicfhir.com/fhir/r4/Organization/idyMG9Npfem6lP7vIQYNTWgA,6a0c7e485af1c6ec
https://revolutionehr.dynamicfhir.com/fhir/r4/Organization/idDS0r0xux.DicYGjzYVS4Ow,6a0c7e485af1c6ec
https://revolutionehr.dynamicfhir.com/fhir/r4/Organization/idmgHBVtVkkdIn7W6ND5T7gA,6a0c7e485af1c6ec
https://revolutionehr.dynamicfhir.com/fhir/r4/Organization/idGE-hRLUYrBwGhGNvEl-Gmw,6a0c7e485af1c6ec
https://revolutionehr.dynamicfhir.com/fhir/r4/Organization/idSwlHwquy78ZWXd8Jx146aw,6a0c7e485af1c6ec
https://revolutionehr.dynamicfhir.com/fhir/r4/Organization/idOTkmlmhlCSfWvc-TYjjANA,6a0c7e485af1c6ec
https://revolutionehr.dynamicfhir.com/fhir/r4/Organization/idNjU42uwqj4oB9IITaqcGnQ,6a0c7e485af1c6ec
https://revolutionehr.dynamicfhir.com/fhir/r4/Organization/id.W0hx2J3OcEJNwjxXA8Spw,6a0c7e485af1c6ec
https://revolutionehr.dynamicfhir.com/fhir/r4/Organization/id4I0D8553v5UTm6xITEHaxw,6a0c7e485af1c6ec
https://revolutionehr.dynamicfhir.com/fhir/r4/Organization/idBqIgJcCqbnn6juj7g0p4UA,6a0c7e485af1c6ec
https://revolutionehr.dynamicfhir.com/fhir/r4/Organization/idF5f-FPS4poBvIBYb-jrE5g,6a0c7e485af1c6ec
https://revolutionehr.dynamicfhir.com/fhir/r4/Organization/iden.4yqHMxiz7w9-3l7SxFA,6a0c7e485af1c6ec
https://revolutionehr.dynamicfhir.com/fhir/r4/Organization/idKuz4ObTpLrh9I5MHKZ25PQ,6a0c7e485af1c6ec
https://revolutionehr.dynamicfhir.com/fhir/r4/Organization/idOVrFdNbc7ed7LY37ua2CXw,6a0c7e485af1c6ec
https://revolutionehr.dynamicfhir.com/fhir/r4/Organization/idc6vr94CadJ8Baxn-QHDVmA,6a0c7e485af1c6ec
https://revolutionehr.dynamicfhir.com/fhir/r4/Organization/idTMyD9gkkRBKKJKCj91hFEw,6a0c7e485af1c6ec
https://revolutionehr.dynamicfhir.com/fhir/r4/Organization/idPqPHN5zFnx9g5q5ev7sofA,6a0c7e485af1c6ec
https://revolutionehr.dynamicfhir.com/fhir/r4/Organization/idDabIGnb4PgISzcM.R4wOsQ,6a0c7e485af1c6ec
https://revolutionehr.dynamicfhir.com/fhir/r4/Organization/id9GPenh3ULWHOfnkk.X6AvQ,6a0c7e485af1c6ec
https://revolutionehr.dynamicfhir.com/fhir/r4/Organization/idhc-I.mwhiPrgYgkNOwC58g,6a0c7e485af1c6ec
https://revolutionehr.dynamicfhir.com/fhir/r4/Organization/idDUNwHdoyTAmLcSd28fH.LA,6a0c7e485af1c6ec
https://revolutionehr.dynamicfhir.com/fhir/r4/Organization/idodmN1SP7BFcYhSoulDqfww,6a0c7e485af1c6ec
https://revolutionehr.dynamicfhir.com/fhir/r4/Organization/idnu31bouuuZCZJI5ln9RcPQ,6a0c7e485af1c6ec
https://revolutionehr.dynamicfhir.com/fhir/r4/Organization/idlJd-0nAplWUmfkrcl4DjQQ,6a0c7e485af1c6ec
https://revolutionehr.dynamicfhir.com/fhir/r4/Organization/idyQczm38bx3f01Di4q41umQ,6a0c7e485af1c6ec
https://revolutionehr.dynamicfhir.com/fhir/r4/Organization/id7pFNj04vcAqPPDvOw2LGOw,6a0c7e485af1c6ec
https://revolutionehr.dynamicfhir.com/fhir/r4/Organization/idreSD7q7dlE0Z.vEhv-gmCg,6a0c7e485af1c6ec
https://revolutionehr.dynamicfhir.com/fhir/r4/Organization/idI5m7HH0B3kFWib0YtyrPyw,6a0c7e485af1c6ec
https://revolutionehr.dynamicfhir.com/fhir/r4/Organization/idfmn23IoaHs19uPWV3trcfA,6a0c7e485af1c6ec
https://revolutionehr.dynamicfhir.com/fhir/r4/Organization/id8S0pYkLGl4emIFU1cCdErQ,6a0c7e485af1c6ec
https://revolutionehr.dynamicfhir.com/fhir/r4/Organization/idpF7qgTchjyCkWx8nCvdeGg,6a0c7e485af1c6ec
https://revolutionehr.dynamicfhir.com/fhir/r4/Organization/idtXcWxi1qAog0seakUAX9Pw,6a0c7e485af1c6ec
https://revolutionehr.dynamicfhir.com/fhir/r4/Organization/id0Gjnrjb09bRz6KFDt2f8lQ,6a0c7e485af1c6ec
https://revolutionehr.dynamicfhir.com/fhir/r4/Organization/idzaqE5oxrJ1bsGmC8NNK2Wg,6a0c7e485af1c6ec
https://revolutionehr.dynamicfhir.com/fhir/r4/Organization/id7kq6wIDiVIJcIU8HLMCvZg,6a0c7e485af1c6ec
https://revolutionehr.dynamicfhir.com/fhir/r4/Organization/idthtoMlkWmQgt.FuPx2p90A,6a0c7e485af1c6ec
https://revolutionehr.dynamicfhir.com/fhir/r4/Organization/idor8K44EXWBJVCIIq8vYxNw,6a0c7e485af1c6ec
https://revolutionehr.dynamicfhir.com/fhir/r4/Organization/id2i-eXWSdYF1VsK-lWy3Wqw,6a0c7e485af1c6ec
https://revolutionehr.dynamicfhir.com/fhir/r4/Organization/idYE6T5SEgG8a-M1.OCoFtcA,6a0c7e485af1c6ec
https://revolutionehr.dynamicfhir.com/fhir/r4/Organization/iddDkPbPpBYKlAbCKwID5yUg,6a0c7e485af1c6ec
https://revolutionehr.dynamicfhir.com/fhir/r4/Organization/idUIciU5Rsf3vaxyfnYIUdZA,6a0c7e485af1c6ec
https://revolutionehr.dynamicfhir.com/fhir/r4/Organization/idf24bC-oGmzlxZcUBKfx1Xg,6a0c7e485af1c6ec
https://revolutionehr.dynamicfhir.com/fhir/r4/Organization/idaQLf41oWc7GmyFqQdvzEJQ,6a0c7e485af1c6ec
https://revolutionehr.dynamicfhir.com/fhir/r4/Organization/idYkXUjCE-LH44stUx5aZCUQ,6a0c7e485af1c6ec
https://revolutionehr.dynamicfhir.com/fhir/r4/Organization/idcHUbNjaQ4l-b.g7yasY1-w,6a0c7e485af1c6ec
https://revolutionehr.dynamicfhir.com/fhir/r4/Organization/idwdsR5jWTxCd-kuzWGgHUPw,6a0c7e485af1c6ec
https://revolutionehr.dynamicfhir.com/fhir/r4/Organization/idtIsrUti22eKmfhiOyfFCfg,6a0c7e485af1c6ec
https://revolutionehr.dynamicfhir.com/fhir/r4/Organization/id0ep87RPet3Xx3w9IIfyGWA,6a0c7e485af1c6ec
https://revolutionehr.dynamicfhir.com/fhir/r4/Organization/idAVGxYYbdMIT2oeAlMB7oJA,6a0c7e485af1c6ec
https://revolutionehr.dynamicfhir.com/fhir/r4/Organization/idJbVneYcWIgXyCD3juEjfCg,6a0c7e485af1c6ec
https://revolutionehr.dynamicfhir.com/fhir/r4/Organization/idqTq9fAlMWT0MUjgBGWtaXQ,6a0c7e485af1c6ec
https://revolutionehr.dynamicfhir.com/fhir/r4/Organization/idnJOwmc37mWooGRRv7zPUYg,6a0c7e485af1c6ec
https://revolutionehr.dynamicfhir.com/fhir/r4/Organization/id73p67ovKJrpgXkMfKarrrg,6a0c7e485af1c6ec
https://revolutionehr.dynamicfhir.com/fhir/r4/Organization/iduToQvFc5Zw3g2od5v-Kiqg,6a0c7e485af1c6ec
https://revolutionehr.dynamicfhir.com/fhir/r4/Organization/id3UHlPfBRaGjBI9cy91Rw5A,6a0c7e485af1c6ec
https://revolutionehr.dynamicfhir.com/fhir/r4/Organization/idY6Cn.ODd5XB9SEwJ0PivrQ,6a0c7e485af1c6ec
https://revolutionehr.dynamicfhir.com/fhir/r4/Organization/idSxXlJcjYOPMBjaUtcsI7WQ,6a0c7e485af1c6ec
https://revolutionehr.dynamicfhir.com/fhir/r4/Organization/idrsePwRTZVLQZZQmljsgt3Q,6a0c7e485af1c6ec
https://revolutionehr.dynamicfhir.com/fhir/r4/Organization/idpnCWHtTB0E3FD0JJVfi1VA,6a0c7e485af1c6ec
https://revolutionehr.dynamicfhir.com/fhir/r4/Organization/idTHepTk6V9HZsiIuyKrvv9A,6a0c7e485af1c6ec
https://revolutionehr.dynamicfhir.com/fhir/r4/Organization/id7VuLSx74QcxnkUB164HgWw,6a0c7e485af1c6ec
https://revolutionehr.dynamicfhir.com/fhir/r4/Organization/idMmnKqVoYFb41h2xKiHpRTg,6a0c7e485af1c6ec
https://revolutionehr.dynamicfhir.com/fhir/r4/Organization/idr8har5b3UIOlt79H355N.g,6a0c7e485af1c6ec
https://revolutionehr.dynamicfhir.com/fhir/r4/Organization/idL6BKLBirEuJwLuu39jE.TA,6a0c7e485af1c6ec
https://revolutionehr.dynamicfhir.com/fhir/r4/Organization/idp5INVzaBfIqi0HNJN68OJw,6a0c7e485af1c6ec
https://revolutionehr.dynamicfhir.com/fhir/r4/Organization/idGsMaxaMmUA6VRwUVnFoaXA,6a0c7e485af1c6ec
https://revolutionehr.dynamicfhir.com/fhir/r4/Organization/idoQpedfFD6pYP9sczkN2eDg,6a0c7e485af1c6ec
https://revolutionehr.dynamicfhir.com/fhir/r4/Organization/id28dzSwPImcCGBnFA2NIwFw,6a0c7e485af1c6ec
https://revolutionehr.dynamicfhir.com/fhir/r4/Organization/idqs93YF2nPFf9OithFWIzEQ,6a0c7e485af1c6ec
https://revolutionehr.dynamicfhir.com/fhir/r4/Organization/idYGqrumZfkOPugPwMErZ6wQ,6a0c7e485af1c6ec
https://revolutionehr.dynamicfhir.com/fhir/r4/Organization/idBXwQWJ7Tup85jpwrNHKecg,6a0c7e485af1c6ec
https://revolutionehr.dynamicfhir.com/fhir/r4/Organization/idqXQIW1e79HhhnDJhtKafuw,6a0c7e485af1c6ec
https://revolutionehr.dynamicfhir.com/fhir/r4/Organization/idtWaajEL8e4BW3mquxYaoCA,6a0c7e485af1c6ec
https://revolutionehr.dynamicfhir.com/fhir/r4/Organization/id6E6FA4aHvJ4Dm1BJirGwlA,6a0c7e485af1c6ec
https://revolutionehr.dynamicfhir.com/fhir/r4/Organization/idtEoPUYKjger4AIkJFAIhrg,6a0c7e485af1c6ec
https://revolutionehr.dynamicfhir.com/fhir/r4/Organization/idqoqef796EUzDR0Rj7EuApA,6a0c7e485af1c6ec
https://revolutionehr.dynamicfhir.com/fhir/r4/Organization/idEubtorVx-pTuDuoFECFtOg,6a0c7e485af1c6ec
https://revolutionehr.dynamicfhir.com/fhir/r4/Organization/id3Z6bdpG9tNSSOCDhX3i0qg,6a0c7e485af1c6ec
https://revolutionehr.dynamicfhir.com/fhir/r4/Organization/idPGj0oHrEdEWb5QsP6d11GA,6a0c7e485af1c6ec
https://revolutionehr.dynamicfhir.com/fhir/r4/Organization/idRJdn5oHCLdyNXw6n4pm2Rw,6a0c7e485af1c6ec
https://revolutionehr.dynamicfhir.com/fhir/r4/Organization/id3V1ZqAMaXzmnXx1AJBi3ZA,6a0c7e485af1c6ec
https://revolutionehr.dynamicfhir.com/fhir/r4/Organization/idEGLbCx50frileOynU3kAiQ,6a0c7e485af1c6ec
https://revolutionehr.dynamicfhir.com/fhir/r4/Organization/idGkZFenHy7ZgTKWHKIlthmA,6a0c7e485af1c6ec
https://revolutionehr.dynamicfhir.com/fhir/r4/Organization/idUYLeQoKyVRX2vhYRfuFTTQ,6a0c7e485af1c6ec
https://revolutionehr.dynamicfhir.com/fhir/r4/Organization/idrmGChu8mAp4wBjRterVcOA,6a0c7e485af1c6ec
https://revolutionehr.dynamicfhir.com/fhir/r4/Organization/id31pqoVGm5omTRS2BBxk3TA,6a0c7e485af1c6ec
https://revolutionehr.dynamicfhir.com/fhir/r4/Organization/idRAtuvILGgTXc5XBFGUeibQ,6a0c7e485af1c6ec
https://revolutionehr.dynamicfhir.com/fhir/r4/Organization/id.crDzfSj05IW-pcju.uXZg,6a0c7e485af1c6ec
https://revolutionehr.dynamicfhir.com/fhir/r4/Organization/idAcldTPRjkKKlJFVkADYcyg,6a0c7e485af1c6ec
https://revolutionehr.dynamicfhir.com/fhir/r4/Organization/idGJ-AEUYEQjZBnmiz.N-vVg,6a0c7e485af1c6ec
https://revolutionehr.dynamicfhir.com/fhir/r4/Organization/idiB22BqWbvBjCBLsTsPw1BA,6a0c7e485af1c6ec
https://revolutionehr.dynamicfhir.com/fhir/r4/Organization/idNMh9RxXztuWT0lzXigNxtw,6a0c7e485af1c6ec
https://revolutionehr.dynamicfhir.com/fhir/r4/Organization/idKPO1TPC1P.hPffdh7WwwJA,6a0c7e485af1c6ec
https://revolutionehr.dynamicfhir.com/fhir/r4/Organization/idB5ReJIa4hE4PRutOQw-ppQ,6a0c7e485af1c6ec
https://revolutionehr.dynamicfhir.com/fhir/r4/Organization/idKxzjvJ-ouV073thZVm6Yhw,6a0c7e485af1c6ec
https://revolutionehr.dynamicfhir.com/fhir/r4/Organization/id-kj-1GxBNKCFgzAXPdZdCw,6a0c7e485af1c6ec
https://revolutionehr.dynamicfhir.com/fhir/r4/Organization/idtob9f8uet433KpIhfUBDzg,6a0c7e485af1c6ec
https://revolutionehr.dynamicfhir.com/fhir/r4/Organization/idq4JuhLDgI1.fWIaeEj1isA,6a0c7e485af1c6ec
https://revolutionehr.dynamicfhir.com/fhir/r4/Organization/idZuwWcYxPHTHyxdsLmwnDww,6a0c7e485af1c6ec
https://revolutionehr.dynamicfhir.com/fhir/r4/Organization/idY.OgxvGt5CCKFA948j8sCg,6a0c7e485af1c6ec
https://revolutionehr.dynamicfhir.com/fhir/r4/Organization/idLyFxhzyRlnX.CtNxRsMZyg,6a0c7e485af1c6ec
https://revolutionehr.dynamicfhir.com/fhir/r4/Organization/id8fddE0QDJA9FoXC1KceFZQ,6a0c7e485af1c6ec
https://revolutionehr.dynamicfhir.com/fhir/r4/Organization/idaiiizl3TQdo.iN83AZhKUA,6a0c7e485af1c6ec
https://revolutionehr.dynamicfhir.com/fhir/r4/Organization/id0YS8CU6FxcuJxYdfs6Id8A,6a0c7e485af1c6ec
https://revolutionehr.dynamicfhir.com/fhir/r4/Organization/idGtpOtTvtjKrkTa2Vf.ONXg,6a0c7e485af1c6ec
https://revolutionehr.dynamicfhir.com/fhir/r4/Organization/idvYBGIKaCteb6wU0uW1JBSQ,6a0c7e485af1c6ec
https://revolutionehr.dynamicfhir.com/fhir/r4/Organization/id.NwgQYZjCKsg8MCuPcD3ow,6a0c7e485af1c6ec
https://revolutionehr.dynamicfhir.com/fhir/r4/Organization/idRwmSqZtv1RBpqfuPzjtEwQ,6a0c7e485af1c6ec
https://revolutionehr.dynamicfhir.com/fhir/r4/Organization/idyimW.VUcONsB352NIotnxQ,6a0c7e485af1c6ec
https://revolutionehr.dynamicfhir.com/fhir/r4/Organization/idejaSOMvahEZetiNL46RjNQ,6a0c7e485af1c6ec
https://revolutionehr.dynamicfhir.com/fhir/r4/Organization/idJbJJ6vAkDlNd9K8DP4WeAQ,6a0c7e485af1c6ec
https://revolutionehr.dynamicfhir.com/fhir/r4/Organization/id1J.sq96r.9bJUHrx0tu43g,6a0c7e485af1c6ec
https://revolutionehr.dynamicfhir.com/fhir/r4/Organization/idhjbyygbQPuMMOex6r7weuA,6a0c7e485af1c6ec
https://revolutionehr.dynamicfhir.com/fhir/r4/Organization/idyekvFA.nsj03FW8CUYaONg,6a0c7e485af1c6ec
https://revolutionehr.dynamicfhir.com/fhir/r4/Organization/idnUUj.nwdLisYw8LoEUIr8g,6a0c7e485af1c6ec
https://revolutionehr.dynamicfhir.com/fhir/r4/Organization/id7D5MbYWVnHZgNitqqpgiyA,6a0c7e485af1c6ec
https://revolutionehr.dynamicfhir.com/fhir/r4/Organization/idkTRCM1itJbSf.0g0jTRUDg,6a0c7e485af1c6ec
https://revolutionehr.dynamicfhir.com/fhir/r4/Organization/idE0ey9Y2Da-UAxpUaappGcA,6a0c7e485af1c6ec
https://revolutionehr.dynamicfhir.com/fhir/r4/Organization/id.LR12yedZb-RNmWZ9udyDg,6a0c7e485af1c6ec
https://revolutionehr.dynamicfhir.com/fhir/r4/Organization/idDxmh-KeEMfuvRdou-FR3pg,6a0c7e485af1c6ec
https://revolutionehr.dynamicfhir.com/fhir/r4/Organization/idXqbTBiUA0XuaD0VgqrbS-g,6a0c7e485af1c6ec
https://revolutionehr.dynamicfhir.com/fhir/r4/Organization/idKBexBAuycKk-aKqdWbvdww,6a0c7e485af1c6ec
https://revolutionehr.dynamicfhir.com/fhir/r4/Organization/id33.3UsXZE-No2Wg5DRz27A,6a0c7e485af1c6ec
https://revolutionehr.dynamicfhir.com/fhir/r4/Organization/id.1KSkNLcGdnWoNnHeBJeYA,6a0c7e485af1c6ec
https://revolutionehr.dynamicfhir.com/fhir/r4/Organization/idlHzgP9EUz8bMzXRk5EvQPg,6a0c7e485af1c6ec
https://revolutionehr.dynamicfhir.com/fhir/r4/Organization/idOb9O73D97f9pIgbhjL9zMw,6a0c7e485af1c6ec
https://revolutionehr.dynamicfhir.com/fhir/r4/Organization/ida01JjV4E0xBubr.nK8.Zyg,6a0c7e485af1c6ec
https://revolutionehr.dynamicfhir.com/fhir/r4/Organization/iduI-XOyH9ts09lFxkEmyhwA,6a0c7e485af1c6ec
https://revolutionehr.dynamicfhir.com/fhir/r4/Organization/id-T6MRFbJaEcPQw36KxdoBA,6a0c7e485af1c6ec
https://revolutionehr.dynamicfhir.com/fhir/r4/Organization/idlM7M1yEmJMYC5shasFFTrQ,6a0c7e485af1c6ec
https://revolutionehr.dynamicfhir.com/fhir/r4/Organization/idOhfMNmBbs8UlLkZ-UcKzag,6a0c7e485af1c6ec
https://revolutionehr.dynamicfhir.com/fhir/r4/Organization/idE85qHJIYsvXbnMb2b0YZxg,6a0c7e485af1c6ec
https://revolutionehr.dynamicfhir.com/fhir/r4/Organization/idvLbK4wWIbM9OpyZG68pzVQ,6a0c7e485af1c6ec
https://revolutionehr.dynamicfhir.com/fhir/r4/Organization/id0IXT51fnYklw7ii4oqQfjw,6a0c7e485af1c6ec
https://revolutionehr.dynamicfhir.com/fhir/r4/Organization/idPKP0bZPSdDso9ZEKCzud1A,6a0c7e485af1c6ec
https://revolutionehr.dynamicfhir.com/fhir/r4/Organization/idzC4cm9y.uCpWNs6sTOxesw,6a0c7e485af1c6ec
https://revolutionehr.dynamicfhir.com/fhir/r4/Organization/id8eKZFHgzQuvJQfxap868Zw,6a0c7e485af1c6ec
https://revolutionehr.dynamicfhir.com/fhir/r4/Organization/idpiD5A4hv7EwBTPdgAaBX.Q,6a0c7e485af1c6ec
https://revolutionehr.dynamicfhir.com/fhir/r4/Organization/idrDakwQKOXPyebNOn6gLOUA,6a0c7e485af1c6ec
https://revolutionehr.dynamicfhir.com/fhir/r4/Organization/idBOINswNGUkN3jDnWS.HqGQ,6a0c7e485af1c6ec
https://revolutionehr.dynamicfhir.com/fhir/r4/Organization/idQ3AmfFZSDBe8lpqmavcE8A,6a0c7e485af1c6ec
https://revolutionehr.dynamicfhir.com/fhir/r4/Organization/idW7UqWDel6TTZWpBLn.ASzQ,6a0c7e485af1c6ec
https://revolutionehr.dynamicfhir.com/fhir/r4/Organization/id.lhOcRHFBYaQzaAlnQMZJA,6a0c7e485af1c6ec
https://revolutionehr.dynamicfhir.com/fhir/r4/Organization/idqBscHvDDjpVtuD8yItw2HA,6a0c7e485af1c6ec
https://revolutionehr.dynamicfhir.com/fhir/r4/Organization/idBWxzpUeILIm90CDR3JcTeA,6a0c7e485af1c6ec
https://revolutionehr.dynamicfhir.com/fhir/r4/Organization/idWqg0-pKSm8CnNI0WQmRrKQ,6a0c7e485af1c6ec
https://revolutionehr.dynamicfhir.com/fhir/r4/Organization/idBjmFETO4oUv0VXPBQw2LKQ,6a0c7e485af1c6ec
https://revolutionehr.dynamicfhir.com/fhir/r4/Organization/idtd-Rx.7.4Y3n4EBSFIFFfg,6a0c7e485af1c6ec
https://revolutionehr.dynamicfhir.com/fhir/r4/Organization/idqaK9A1vIHtYWTC-0MwcKVw,6a0c7e485af1c6ec
https://revolutionehr.dynamicfhir.com/fhir/r4/Organization/idTDBzm3uhgmhCI0kIaACSag,6a0c7e485af1c6ec
https://fhir.10e11.com/fhir/r4/Organization/id11v0Xk6XdYKYWLJcGB06kQ,6856deb4f2c3a6c6
https://interface.relimedsolutions.com/fhir/r4/Organization/2460001926,e8cdf21ad0e27f7f
https://interface.relimedsolutions.com/fhir/r4/Organization/2460025038,6f3a60383c837f78
https://interface.relimedsolutions.com/fhir/r4/Organization/2460007704,a4a205e7a5f9e898
https://interface.relimedsolutions.com/fhir/r4/Organization/2460002568,41d0e543230be430
https://interface.relimedsolutions.com/fhir/r4/Organization/2460021828,33f790ebfee11a83
https://interface.relimedsolutions.com/fhir/r4/Organization/2460028890,131d85bd9441772b
https://dynamicfhirpresentation.dynamicfhirsandbox.com/fhir/r4/Organization/idLQeRXwYoPae6qYrxJoTPiA,4559030eeadcd824
https://dynamicfhirpresentation.dynamicfhirsandbox.com/fhir/r4/Organization/idg2J6lYdhTp66lDp75MFJyA,947266b1652a069f
https://dynamicfhirpresentation.dynamicfhirsandbox.com/fhir/r4/Organization/id8M5SbP.GXkmluERwYC1qzA,4559030eeadcd824
https://dynamicfhirpresentation.dynamicfhirsandbox.com/fhir/r4/Organization/id3MypWa24g1tiP2QO8vIjrA,4559030eeadcd824
https://dynamicfhirpresentation.dynamicfhirsandbox.com/fhir/r4/Organization/idIUd0j8O6wl7CFKbJ1Tt5AQ,4559030eeadcd824
https://dynamicfhirpresentation.dynamicfhirsandbox.com/fhir/r4/Organization/id7VRAQ60H8HcQIFn44k-rUA,4559030eeadcd824
https://dynamicfhirpresentation.dynamicfhirsandbox.com/fhir/r4/Organization/idR3d3bbKT4IgfTwEJB4RBdw,4559030eeadcd824
https://dynamicfhirpresentation.dynamicfhirsandbox.com/fhir/r4/Organization/idG8A6fhGQPPyxlqWYfSXHIA,4559030eeadcd824
https://dynamicfhirpresentation.dynamicfhirsandbox.com/fhir/r4/Organization/id3R5W7tHBDmWWLKjvBl71IA,4559030eeadcd824
https://dynamicfhirpresentation.dynamicfhirsandbox.com/fhir/r4/Organization/idw4MaCAai-MTMZFFVaeXNJA,4559030eeadcd824
https://fhir-server.sam.wrs.dev/r4/Organization/1832376,a2216627942a3fa5
https://fhir-server.sam.wrs.dev/r4/Organization/1832360,a2216627942a3fa5
https://fhir-server.sam.wrs.dev/r4/Organization/983263,0a91a208a5684219
https://fhir-server.sam.wrs.dev/r4/Organization/1832403,f4532f4364c57584
https://fhir-server.sam.wrs.dev/r4/Organization/1832395,1f2209099e41eb74
https://fhir-server.sam.wrs.dev/r4/Organization/983310,e91618a8952136cf
https://fhir-server.sam.wrs.dev/r4/Organization/1832317,52effcb8bfadb5a8
https://fhir-server.sam.wrs.dev/r4/Organization/2037318,a2216627942a3fa5
https://fhir-server.sam.wrs.dev/r4/Organization/983280,0d2fc641fe31737d
https://fhir-server.sam.wrs.dev/r4/Organization/1832357,3c13884aca0926ab
https://fhir-server.sam.wrs.dev/r4/Organization/983278,42a286f87d1141ec
https://fhir-server.sam.wrs.dev/r4/Organization/1832382,a2216627942a3fa5
https://fhir-server.sam.wrs.dev/r4/Organization/983286,42a286f87d1141ec
https://fhir-server.sam.wrs.dev/r4/Organization/1832370,e91618a8952136cf
https://fhir-server.sam.wrs.dev/r4/Organization/1832367,a2216627942a3fa5
https://fhir-server.sam.wrs.dev/r4/Organization/983301,086a79cd0bfff949
https://fhir-server.sam.wrs.dev/r4/Organization/1832352,57c3a2244b0b608f
https://fhir-server.sam.wrs.dev/r4/Organization/1832344,bc4b9cf008345eb2
https://fhir-server.sam.wrs.dev/r4/Organization/983292,0d2fc641fe31737d
https://fhir-server.sam.wrs.dev/r4/Organization/1832313,e91618a8952136cf
https://fhir-server.sam.wrs.dev/r4/Organization/1832387,b081c27abd36c78c
https://fhir-server.sam.wrs.dev/r4/Organization/1832368,a2216627942a3fa5
https://fhir-server.sam.wrs.dev/r4/Organization/983302,086a79cd0bfff949
https://fhir-server.sam.wrs.dev/r4/Organization/983271,086a79cd0bfff949
https://fhir-server.sam.wrs.dev/r4/Organization/1832325,697652f013bcae88
https://fhir-server.sam.wrs.dev/r4/Organization/1832390,11cdfe3d496d7a9f
https://fhir-server.sam.wrs.dev/r4/Organization/1832328,a2216627942a3fa5
https://fhir-server.sam.wrs.dev/r4/Organization/1832386,8456a8173cae17b4
https://fhir-server.sam.wrs.dev/r4/Organization/983315,e91618a8952136cf
https://fhir-server.sam.wrs.dev/r4/Organization/1832369,a2216627942a3fa5
https://fhir-server.sam.wrs.dev/r4/Organization/1832312,e91618a8952136cf
https://fhir-server.sam.wrs.dev/r4/Organization/1832345,45a3c0d35d815ea7
https://fhir-server.sam.wrs.dev/r4/Organization/983285,7bcae6081b74e532
https://fhir-server.sam.wrs.dev/r4/Organization/983277,a43f649db93781d9
https://fhir-server.sam.wrs.dev/r4/Organization/1832323,4066124779bf04d0
https://fhir-server.sam.wrs.dev/r4/Organization/1832354,2c0667bb6bb65df0
https://fhir-server.sam.wrs.dev/r4/Organization/1832342,59d19e9d83fe6150
https://fhir-server.sam.wrs.dev/r4/Organization/1832396,31893eb25cb7694c
https://fhir-server.sam.wrs.dev/r4/Organization/1832314,e91618a8952136cf
https://fhir-server.sam.wrs.dev/r4/Organization/983283,a98d7b417113b09c
https://fhir-server.sam.wrs.dev/r4/Organization/983329,e91618a8952136cf
https://fhirapi.intelichart.com/Organization/166162199010015134253015186093226069078177179066,0b8b2d72c8aab031
https://fhirapi.intelichart.com/Organization/136023196129200173129025101202225173198092147142,18a88da9466c1c15
https://fhirapi.intelichart.com/Organization/076191254188076120095121134117228242026238222163,2c8a1fe1327714d0
https://fhirapi.intelichart.com/Organization/038093030181131090179252049140073247056064041208,be848746d0b2e061
https://fhirapi.intelichart.com/Organization/218047136232228012076203027202052122154205200126,062fcbfe5f3271a5
https://fhirapi.intelichart.com/Organization/145153226084107189225138249254135162006236234077,fa280f1669669f1e
https://fhirapi.intelichart.com/Organization/081173037062021251184159059141251135204004138121,137eb2a4d1db2685
https://fhirapi.intelichart.com/Organization/101038043003219077232218083166036226008173166138,48cbf10c6e7780d5
https://fhirapi.intelichart.com/Organization/216153056090234071090236100009219065230162237059,fabcfa74cf1e692c
https://fhirapi.intelichart.com/Organization/248073110248047052138060065014237145036030192251,442acaa6fb23a2ad
https://fhirapi.intelichart.com/Organization/151010238163213201039029064068193064203206211251,f2f1bf40d843a5f6
https://fhirapi.intelichart.com/Organization/077119193205010225142126147048223058113194206160,fa280f1669669f1e
https://fhirapi.intelichart.com/Organization/241255180072013091135079186096200046255216057043,9a1d0d61a0afd25b
https://fhirapi.intelichart.com/Organization/120097223128113161246162030087126221220090007252,75ef1a4584a2ed9f
https://fhirapi.intelichart.com/Organization/223103082165125011061072056026231072110037134109,368bc6233d65c5df
https://fhirapi.intelichart.com/Organization/096149002134032247049201130226141221148189159074,073f732e019601e8
https://fhirapi.intelichart.com/Organization/153188058242125150179020121088163244090024053120,51b1422ae042cb19
https://fhirapi.intelichart.com/Organization/054113235251176121241065232197165008107008248088,d1d1839e67a33098
https://fhirapi.intelichart.com/Organization/174239243075152016163053247013142039199115022119,fa280f1669669f1e
https://fhirapi.intelichart.com/Organization/092072158195206130186173098065179020064199185130,77f0062a381d43b2
https://fhirapi.intelichart.com/Organization/160186170249001242050199065039016183238074116075,fa280f1669669f1e
https://fhirapi.intelichart.com/Organization/054006115029183065070019013113226159160246001062,b8e801db26a8afd3
https://fhirapi.intelichart.com/Organization/167204156076185151033234255155207235230035126019,0b8b2d72c8aab031
https://fhirapi.intelichart.com/Organization/231030181042019085149035135151201142233026029109,22520f75cba07706
https://fhirapi.intelichart.com/Organization/175000254064196005022223051014158192182238010047,edd65eadb2bf899b
https://fhirapi.intelichart.com/Organization/048116226012006081034027243154029166022039052238,3371457c50b858c8
https://fhirapi.intelichart.com/Organization/185078177030121183121245049036181112207193054031,7d9a68508cd89909
https://fhirapi.intelichart.com/Organization/137144246220110054166255244053032033192059133210,11ae9e7988383cc1
https://fhirapi.intelichart.com/Organization/142083062195202120068088075179022082081170031175,a09e384f4615cd93
https://fhirapi.intelichart.com/Organization/027038061035089205079116145169245078245082226184,48cbf10c6e7780d5
https://fhirapi.intelichart.com/Organization/173101219078049062068132035199091211087000175042,0f51f12039e7accb
https://fhirapi.intelichart.com/Organization/192167032081122091079041008033118084157245044080,a09e384f4615cd93
https://fhirapi.intelichart.com/Organization/086075049222194220175104157076213115198001251137,a471f5eb58b27c37
https://fhirapi.intelichart.com/Organization/061178082052171052134174053216000009013169019046,716fee731c5f318e
https://fhirapi.intelichart.com/Organization/143173190156021064158053023045247207231025109107,6fc4d978238cc282
https://fhirapi.intelichart.com/Organization/100219187236215193048037057053142094044077135020,118da7a1058341d8
https://fhirapi.intelichart.com/Organization/024161073181178113188108182138041101206234097066,d82eb9532b62cab3
https://fhirapi.intelichart.com/Organization/012151182197136011176001129216228169174214159250,a7117d9c23a2cb31
https://fhirapi.intelichart.com/Organization/019029122217110044203140089253121103099109059171,c9709eb4102e06f8
https://fhirapi.intelichart.com/Organization/079088143082223080101033117155083027119116110231,e1d0b1042277d817
https://fhirapi.intelichart.com/Organization/108205094031163184188131104078072142164104122144,94f9ac1e9aa98d74
https://fhirapi.intelichart.com/Organization/172067211089196238255196175044205061151084205094,2538f0e78992cbf0
https://fhirapi.intelichart.com/Organization/109092067108220035096039175015135165167141115146,9ca10fb7f0bcd136
https://fhirapi.intelichart.com/Organization/191111207177143036024018103104173083062073191148,a69a9a8f3a4df94c
https://fhirapi.intelichart.com/Organization/242001072217081247192219030190015104000018008117,fa280f1669669f1e
https://fhirapi.intelichart.com/Organization/127217211204112252195127165095156009105238112041,1f0e64f8eb96e4c2
https://fhirapi.intelichart.com/Organization/164038165246250211146013086027124161164106000012,f2f1bf40d843a5f6
https://fhirapi.intelichart.com/Organization/200251157135122056250195121221077068203051052146,fdad65bc96818c44
https://fhirapi.intelichart.com/Organization/023185170027207213145043146031126246009131103030,86f423995c789bfd
https://fhirapi.intelichart.com/Organization/010047054222173083238107071082174196049113065092,3371457c50b858c8
https://fhirapi.intelichart.com/Organization/054226184201023240034243254162233018039010218122,90dac0119fe3a90c
https://fhirapi.intelichart.com/Organization/055036005086090100033005141199137076028045045013,c0e2dab549940978
https://fhirapi.intelichart.com/Organization/137229072247183089154214038105149251205105033088,a42fd050913a01cb
https://fhirapi.intelichart.com/Organization/095161138018180200103225246117049230077045047180,b8e801db26a8afd3
https://fhirapi.naiacorp.net/fhir/r4/Organization/2741665924,c4e363015c34a0c4
https://fhirendpoint.curemd.net/fhir/DEFAULT/Organization/CMD-CM1BH-Organization-2,f57f465ca9b4ab63
https://fhirendpoint.curemd.net/fhir/DEFAULT/Organization/CMD-CM16T-Organization-2,3912c8cc9b97d493
https://fhirendpoint.curemd.net/fhir/DEFAULT/Organization/CMD-CMIZL-Organization-14,942f80374d237a00
https://fhirendpoint.curemd.net/fhir/DEFAULT/Organization/CMD-CM18P-Organization-2,a87f16f4a34ac639
https://fhirendpoint.curemd.net/fhir/DEFAULT/Organization/CMD-CM1IY-Organization-2,72553fff89eb2fbb
https://fhirendpoint.curemd.net/fhir/DEFAULT/Organization/CMD-CM0NI-Organization-2,33eb8f79f4ae0fd2
https://fhirendpoint.curemd.net/fhir/DEFAULT/Organization/CMD-CM19O-Organization-2,c3ea830fc735e82f
https://fhirendpoint.curemd.net/fhir/DEFAULT/Organization/CMD-CM1BW-Organization-2,fe67e811c1d08bd8
https://fhirendpoint.curemd.net/fhir/DEFAULT/Organization/CMD-CM0LC-Organization-2,53b1c622dbbd3ec7
https://fhirendpoint.curemd.net/fhir/DEFAULT/Organization/CMD-CM0FS-Organization-2,5ab8d0fc3dcadf02
https://fhirendpoint.curemd.net/fhir/DEFAULT/Organization/CMD-CM1AT-Organization-2,0ffd516765104530
https://fhirendpoint.curemd.net/fhir/DEFAULT/Organization/CMD-CM1JK-Organization-2,cd53b47ce2479d57
https://fhirendpoint.curemd.net/fhir/DEFAULT/Organization/CMD-CM09J-Organization-2,0fa958cc70673953
https://fhirendpoint.curemd.net/fhir/DEFAULT/Organization/CMD-CM0E9-Organization-2,44be05045ab7d5aa
https://fhirendpoint.curemd.net/fhir/DEFAULT/Organization/CMD-CM14K-Organization-2,a3b21fefd00d416e
https://fhirendpoint.curemd.net/fhir/DEFAULT/Organization/CMD-CM0XK-Organization-2,51e345203d00dea8
https://fhirendpoint.curemd.net/fhir/DEFAULT/Organization/CMD-CM0SP-Organization-2,539f9ac276a88a5f
https://dhfhirpresentation.smartcarenet.com/fhir/r4/Organization/1962851253,6672bc8ae02d0aee
https://dhfhirpresentation.smartcarenet.com/fhir/r4/Organization/1992923361,6672bc8ae02d0aee
https://dhfhirpresentation.smartcarenet.com/fhir/r4/Organization/1578560249,6672bc8ae02d0aee
https://dhfhirpresentation.smartcarenet.com/fhir/r4/Organization/1891458477,6672bc8ae02d0aee
https://dhfhirpresentation.smartcarenet.com/fhir/r4/Organization/1467720037,6672bc8ae02d0aee
https://dhfhirpresentation.smartcarenet.com/fhir/r4/Organization/1659402303,6672bc8ae02d0aee
https://dhfhirpresentation.smartcarenet.com/fhir/r4/Organization/1659613776,6672bc8ae02d0aee
https://dhfhirpresentation.smartcarenet.com/fhir/r4/Organization/1467449157,6672bc8ae02d0aee
https://dhfhirpresentation.smartcarenet.com/fhir/r4/Organization/1962536821,6672bc8ae02d0aee
https://dhfhirpresentation.smartcarenet.com/fhir/r4/Organization/1225258841,5ce06abe9d74cce4
https://dhfhirpresentation.smartcarenet.com/fhir/r4/Organization/1558325050,6672bc8ae02d0aee
https://dhfhirpresentation.smartcarenet.com/fhir/r4/Organization/1003031436,6672bc8ae02d0aee
https://dhfhirpresentation.smartcarenet.com/fhir/r4/Organization/1912639576,6672bc8ae02d0aee
https://dhfhirpresentation.smartcarenet.com/fhir/r4/Organization/1194720656,6672bc8ae02d0aee
https://dhfhirpresentation.smartcarenet.com/fhir/r4/Organization/1063686897,6672bc8ae02d0aee
https://dhfhirpresentation.smartcarenet.com/fhir/r4/Organization/1275938722,5ce06abe9d74cce4
https://dhfhirpresentation.smartcarenet.com/fhir/r4/Organization/1639343320,6672bc8ae02d0aee
https://dhfhirpresentation.smartcarenet.com/fhir/r4/Organization/1427138726,5ce06abe9d74cce4
https://dhfhirpresentation.smartcarenet.com/fhir/r4/Organization/1720140908,6672bc8ae02d0aee
https://dhfhirpresentation.smartcarenet.com/fhir/r4/Organization/1861534612,6672bc8ae02d0aee
https://dhfhirpresentation.smartcarenet.com/fhir/r4/Organization/1336328020,6672bc8ae02d0aee
https://dhfhirpresentation.smartcarenet.com/fhir/r4/Organization/1356441323,6672bc8ae02d0aee
https://dhfhirpresentation.smartcarenet.com/fhir/r4/Organization/1255415907,6672bc8ae02d0aee
https://dhfhirpresentation.smartcarenet.com/fhir/r4/Organization/1043386659,5ce06abe9d74cce4
https://dhfhirpresentation.smartcarenet.com/fhir/r4/Organization/1134347586,6672bc8ae02d0aee
https://dhfhirpresentation.smartcarenet.com/fhir/r4/Organization/1578961900,6672bc8ae02d0aee
https://dhfhirpresentation.smartcarenet.com/fhir/r4/Organization/1851315535,6672bc8ae02d0aee
https://dhfhirpresentation.smartcarenet.com/fhir/r4/Organization/1295878122,6672bc8ae02d0aee
https://dhfhirpresentation.smartcarenet.com/fhir/r4/Organization/1235365487,6672bc8ae02d0aee
https://dhfhirpresentation.smartcarenet.com/fhir/r4/Organization/1568658841,5ce06abe9d74cce4
https://dhfhirpresentation.smartcarenet.com/fhir/r4/Organization/1316982408,6672bc8ae02d0aee
https://dhfhirpresentation.smartcarenet.com/fhir/r4/Organization/1629898689,0aa86dd532cc69fd
https://dhfhirpresentation.smartcarenet.com/fhir/r4/Organization/1881957587,6672bc8ae02d0aee
https://dhfhirpresentation.smartcarenet.com/fhir/r4/Organization/1255461471,5ce06abe9d74cce4
https://dhfhirpresentation.smartcarenet.com/fhir/r4/Organization/1649230236,6672bc8ae02d0aee
https://dhfhirpresentation.smartcarenet.com/fhir/r4/Organization/1427192038,6672bc8ae02d0aee
https://dhfhirpresentation.smartcarenet.com/fhir/r4/Organization/1699745794,6672bc8ae02d0aee
https://dhfhirpresentation.smartcarenet.com/fhir/r4/Organization/1699101618,f373cc6a0ff5c803
https://dhfhirpresentation.smartcarenet.com/fhir/r4/Organization/1679677215,6672bc8ae02d0aee
https://dhfhirpresentation.smartcarenet.com/fhir/r4/Organization/1508033416,6672bc8ae02d0aee
https://dhfhirpresentation.smartcarenet.com/fhir/r4/Organization/1972689370,6672bc8ae02d0aee
https://dhfhirpresentation.smartcarenet.com/fhir/r4/Organization/1891885901,6672bc8ae02d0aee
https://dhfhirpresentation.smartcarenet.com/fhir/r4/Organization/1760460653,6672bc8ae02d0aee
https://dhfhirpresentation.smartcarenet.com/fhir/r4/Organization/1982620399,5ce06abe9d74cce4
https://dhfhirpresentation.smartcarenet.com/fhir/r4/Organization/1033108766,6672bc8ae02d0aee
https://dhfhirpresentation.smartcarenet.com/fhir/r4/Organization/1649507831,6672bc8ae02d0aee
https://dhfhirpresentation.smartcarenet.com/fhir/r4/Organization/1568525699,5ce06abe9d74cce4
https://dhfhirpresentation.smartcarenet.com/fhir/r4/Organization/1427196617,5ce06abe9d74cce4
https://dhfhirpresentation.smartcarenet.com/fhir/r4/Organization/1770588444,6672bc8ae02d0aee
https://dhfhirpresentation.smartcarenet.com/fhir/r4/Organization/1205135589,6672bc8ae02d0aee
https://dhfhirpresentation.smartcarenet.com/fhir/r4/Organization/1831221974,5ce06abe9d74cce4
https://dhfhirpresentation.smartcarenet.com/fhir/r4/Organization/1841988433,6672bc8ae02d0aee
https://dhfhirpresentation.smartcarenet.com/fhir/r4/Organization/1760811848,6672bc8ae02d0aee
https://dhfhirpresentation.smartcarenet.com/fhir/r4/Organization/1609943794,6672bc8ae02d0aee
https://dhfhirpresentation.smartcarenet.com/fhir/r4/Organization/1669488029,6672bc8ae02d0aee
https://dhfhirpresentation.smartcarenet.com/fhir/r4/Organization/1487857405,5ce06abe9d74cce4
https://dhfhirpresentation.smartcarenet.com/fhir/r4/Organization/1073548640,f2a1ee8e51d5f7e7
https://dhfhirpresentation.smartcarenet.com/fhir/r4/Organization/1609077353,0aa86dd532cc69fd
https://dhfhirpresentation.smartcarenet.com/fhir/r4/Organization/1528108057,6672bc8ae02d0aee
https://dhfhirpresentation.smartcarenet.com/fhir/r4/Organization/1962825695,6672bc8ae02d0aee
https://dhfhirpresentation.smartcarenet.com/fhir/r4/Organization/1871576835,6672bc8ae02d0aee
https://dhfhirpresentation.smartcarenet.com/fhir/r4/Organization/1427464759,6672bc8ae02d0aee
https://dhfhirpresentation.smartcarenet.com/fhir/r4/Organization/1407872575,6672bc8ae02d0aee
https://dhfhirpresentation.smartcarenet.com/fhir/r4/Organization/1700861242,6672bc8ae02d0aee
https://dhfhirpresentation.smartcarenet.com/fhir/r4/Organization/1538266911,5ce06abe9d74cce4
https://dhfhirpresentation.smartcarenet.com/fhir/r4/Organization/1386845915,6672bc8ae02d0aee
https://dhfhirpresentation.smartcarenet.com/fhir/r4/Organization/1215028931,5ce06abe9d74cce4
https://dhfhirpresentation.smartcarenet.com/fhir/r4/Organization/1437510047,6672bc8ae02d0aee
https://dhfhirpresentation.smartcarenet.com/fhir/r4/Organization/1942250303,6672bc8ae02d0aee
https://dhfhirpresentation.smartcarenet.com/fhir/r4/Organization/1952370561,0aa86dd532cc69fd
https://dhfhirpresentation.smartcarenet.com/fhir/r4/Organization/1215140066,5ce06abe9d74cce4
https://dhfhirpresentation.smartcarenet.com/fhir/r4/Organization/1568599397,6672bc8ae02d0aee
https://dhfhirpresentation.smartcarenet.com/fhir/r4/Organization/1932721388,6672bc8ae02d0aee
https://dhfhirpresentation.smartcarenet.com/fhir/r4/Organization/1780805762,6672bc8ae02d0aee
https://dhfhirpresentation.smartcarenet.com/fhir/r4/Organization/1215500954,6672bc8ae02d0aee
https://dhfhirpresentation.smartcarenet.com/fhir/r4/Organization/1700976453,6672bc8ae02d0aee
https://dhfhirpresentation.smartcarenet.com/fhir/r4/Organization/1659197416,6672bc8ae02d0aee
https://dhfhirpresentation.smartcarenet.com/fhir/r4/Organization/1750408514,5ce06abe9d74cce4
https://dhfhirpresentation.smartcarenet.com/fhir/r4/Organization/1053619528,6672bc8ae02d0aee
https://dhfhirpresentation.smartcarenet.com/fhir/r4/Organization/1700201563,6672bc8ae02d0aee
https://dhfhirpresentation.smartcarenet.com/fhir/r4/Organization/1710971429,6672bc8ae02d0aee
https://dhfhirpresentation.smartcarenet.com/fhir/r4/Organization/1972568996,6672bc8ae02d0aee
https://dhfhirpresentation.smartcarenet.com/fhir/r4/Organization/1063944585,6672bc8ae02d0aee
https://dhfhirpresentation.smartcarenet.com/fhir/r4/Organization/1942566468,6672bc8ae02d0aee
https://dhfhirpresentation.smartcarenet.com/fhir/r4/Organization/1003314733,6672bc8ae02d0aee
https://dhfhirpresentation.smartcarenet.com/fhir/r4/Organization/1427693902,6672bc8ae02d0aee
https://dhfhirpresentation.smartcarenet.com/fhir/r4/Organization/1003156118,6672bc8ae02d0aee
https://dhfhirpresentation.smartcarenet.com/fhir/r4/Organization/1528105558,5ce06abe9d74cce4
https://dhfhirpresentation.smartcarenet.com/fhir/r4/Organization/1881736122,6672bc8ae02d0aee
https://dhfhirpresentation.smartcarenet.com/fhir/r4/Organization/1013184258,6672bc8ae02d0aee
https://dhfhirpresentation.smartcarenet.com/fhir/r4/Organization/1881064897,6672bc8ae02d0aee
https://dhfhirpresentation.smartcarenet.com/fhir/r4/Organization/1467434399,0aa86dd532cc69fd
https://dhfhirpresentation.smartcarenet.com/fhir/r4/Organization/1033300306,5ce06abe9d74cce4
https://dhfhirpresentation.smartcarenet.com/fhir/r4/Organization/1295752137,f064592a266a9883
https://dhfhirpresentation.smartcarenet.com/fhir/r4/Organization/1083826606,6672bc8ae02d0aee
https://dhfhirpresentation.smartcarenet.com/fhir/r4/Organization/1760424980,6672bc8ae02d0aee
https://dhfhirpresentation.smartcarenet.com/fhir/r4/Organization/1235337916,6672bc8ae02d0aee
https://dhfhirpresentation.smartcarenet.com/fhir/r4/Organization/1649271636,6672bc8ae02d0aee
https://dhfhirpresentation.smartcarenet.com/fhir/r4/Organization/1093771230,6672bc8ae02d0aee
https://dhfhirpresentation.smartcarenet.com/fhir/r4/Organization/1770538001,5ce06abe9d74cce4
https://dhfhirpresentation.smartcarenet.com/fhir/r4/Organization/1306013644,6672bc8ae02d0aee
https://dhfhirpresentation.smartcarenet.com/fhir/r4/Organization/1740591163,6672bc8ae02d0aee
https://dhfhirpresentation.smartcarenet.com/fhir/r4/Organization/1235901141,6672bc8ae02d0aee
https://dhfhirpresentation.smartcarenet.com/fhir/r4/Organization/1881621225,6672bc8ae02d0aee
https://dhfhirpresentation.smartcarenet.com/fhir/r4/Organization/1578683991,6672bc8ae02d0aee
https://dhfhirpresentation.smartcarenet.com/fhir/r4/Organization/1639460793,0aa86dd532cc69fd
https://dhfhirpresentation.smartcarenet.com/fhir/r4/Organization/1326536004,6672bc8ae02d0aee
https://dhfhirpresentation.smartcarenet.com/fhir/r4/Organization/1831861293,6672bc8ae02d0aee
https://dhfhirpresentation.smartcarenet.com/fhir/r4/Organization/1538155882,6672bc8ae02d0aee
https://dhfhirpresentation.smartcarenet.com/fhir/r4/Organization/1528443074,6672bc8ae02d0aee
https://dhfhirpresentation.smartcarenet.com/fhir/r4/Organization/1952371403,6672bc8ae02d0aee
https://dhfhirpresentation.smartcarenet.com/fhir/r4/Organization/1033761713,6672bc8ae02d0aee
https://dhfhirpresentation.smartcarenet.com/fhir/r4/Organization/1942638515,6672bc8ae02d0aee
https://dhfhirpresentation.smartcarenet.com/fhir/r4/Organization/1457596678,6672bc8ae02d0aee
https://dhfhirpresentation.smartcarenet.com/fhir/r4/Organization/1457479511,0aa86dd532cc69fd
https://dhfhirpresentation.smartcarenet.com/fhir/r4/Organization/1750500237,0aa86dd532cc69fd
https://dhfhirpresentation.smartcarenet.com/fhir/r4/Organization/1871647115,5ce06abe9d74cce4
https://dhfhirpresentation.smartcarenet.com/fhir/r4/Organization/1972557197,6672bc8ae02d0aee
https://dhfhirpresentation.smartcarenet.com/fhir/r4/Organization/1992708705,6672bc8ae02d0aee
https://dhfhirpresentation.smartcarenet.com/fhir/r4/Organization/1740673417,0aa86dd532cc69fd
https://dhfhirpresentation.smartcarenet.com/fhir/r4/Organization/1780803239,5ce06abe9d74cce4
https://dhfhirpresentation.smartcarenet.com/fhir/r4/Organization/1083733364,6672bc8ae02d0aee
https://dhfhirpresentation.smartcarenet.com/fhir/r4/Organization/1134443294,6672bc8ae02d0aee
https://dhfhirpresentation.smartcarenet.com/fhir/r4/Organization/1386603348,6672bc8ae02d0aee
https://dhfhirpresentation.smartcarenet.com/fhir/r4/Organization/1366744054,6672bc8ae02d0aee
https://dhfhirpresentation.smartcarenet.com/fhir/r4/Organization/1457305302,6672bc8ae02d0aee
https://dhfhirpresentation.smartcarenet.com/fhir/r4/Organization/1073501870,5ce06abe9d74cce4
https://dhfhirpresentation.smartcarenet.com/fhir/r4/Organization/1427018209,6672bc8ae02d0aee
https://dhfhirpresentation.smartcarenet.com/fhir/r4/Organization/1689629990,0aa86dd532cc69fd
https://dhfhirpresentation.smartcarenet.com/fhir/r4/Organization/1720345556,6672bc8ae02d0aee
https://dhfhirpresentation.smartcarenet.com/fhir/r4/Organization/1841413879,6672bc8ae02d0aee
https://dhfhirpresentation.smartcarenet.com/fhir/r4/Organization/1053008276,6672bc8ae02d0aee
https://dhfhirpresentation.smartcarenet.com/fhir/r4/Organization/1740481084,6672bc8ae02d0aee
https://dhfhirpresentation.smartcarenet.com/fhir/r4/Organization/1508199258,5ce06abe9d74cce4
https://dhfhirpresentation.smartcarenet.com/fhir/r4/Organization/1578640298,6672bc8ae02d0aee
https://dhfhirpresentation.smartcarenet.com/fhir/r4/Organization/1558679944,6672bc8ae02d0aee
https://dhfhirpresentation.smartcarenet.com/fhir/r4/Organization/1801937495,0aa86dd532cc69fd
https://dhfhirpresentation.smartcarenet.com/fhir/r4/Organization/1376735282,6672bc8ae02d0aee
https://dhfhirpresentation.smartcarenet.com/fhir/r4/Organization/1093033367,6672bc8ae02d0aee
https://dhfhirpresentation.smartcarenet.com/fhir/r4/Organization/1184052102,0aa86dd532cc69fd
https://dhfhirpresentation.smartcarenet.com/fhir/r4/Organization/1841289733,6672bc8ae02d0aee
https://dhfhirpresentation.smartcarenet.com/fhir/r4/Organization/1750715801,5ce06abe9d74cce4
https://drchrono-fhirpresentation.everhealthsoftware.com/fhir/r4/Organization/idadgTyNx2cuOMRcJFNFi7og,0d9620662a63bf5a
https://drchrono-fhirpresentation.everhealthsoftware.com/fhir/r4/Organization/idNaJDCp43pL25zMbkq5SjaA,326e2bcbc1c6170b
https://drchrono-fhirpresentation.everhealthsoftware.com/fhir/r4/Organization/id.5N.ntEpy.cNVFhVhYeKAQ,937b1c2e683b1cf6
https://drchrono-fhirpresentation.everhealthsoftware.com/fhir/r4/Organization/idxF9M8vreTRziOhoijNEPRg,7cb2ecdf473238ea
https://drchrono-fhirpresentation.everhealthsoftware.com/fhir/r4/Organization/idsc8i81B80SQHkt5oBtMXnA,f293c926d66f0103
https://drchrono-fhirpresentation.everhealthsoftware.com/fhir/r4/Organization/idEeoWC7jSDiI062xu9FkHDQ,466aa4305a90d464
https://drchrono-fhirpresentation.everhealthsoftware.com/fhir/r4/Organization/idUZS9f515dbxSdWqQkBZ9NQ,cbf3f5de9dd96466
https://drchrono-fhirpresentation.everhealthsoftware.com/fhir/r4/Organization/idPGMd91qUnVrZcMNjq80MBQ,13c00cf4814bce64
https://drchrono-fhirpresentation.everhealthsoftware.com/fhir/r4/Organization/idfYXoDAyvOwGPQvGGlV8v1Q,31ac0763bbea565b
https://drchrono-fhirpresentation.everhealthsoftware.com/fhir/r4/Organization/id-Vq8xFoVAOlOUq4oRpfWaA,3387d0241a25231e
https://drchrono-fhirpresentation.everhealthsoftware.com/fhir/r4/Organization/id.aCaekZVSLbEX7ZifRSQ.Q,1def4004e9140f65
https://drchrono-fhirpresentation.everhealthsoftware.com/fhir/r4/Organization/iduSfgAXrokRUlGlasiOOHuA,942709fbcc82ffa7
https://drchrono-fhirpresentation.everhealthsoftware.com/fhir/r4/Organization/idKxv7v3etRwWqSpWz5ZHFbg,1fc02add5ffd8836
https://drchrono-fhirpresentation.everhealthsoftware.com/fhir/r4/Organization/idqgh5w5qVXzyKu0LrW5tnbg,88bc1104144cad7c
https://drchrono-fhirpresentation.everhealthsoftware.com/fhir/r4/Organization/idzqGgMix3N.Mr4mVJ49t0KA,95bd9c6f41b1404a
https://drchrono-fhirpresentation.everhealthsoftware.com/fhir/r4/Organization/id6iwcun.z7uOFVPWtFm7qIQ,8ee178cea1aa0231
https://drchrono-fhirpresentation.everhealthsoftware.com/fhir/r4/Organization/idC6H.-D1FzPl8KCyaDfVtdg,07a1c793fcd74a1e
https://drchrono-fhirpresentation.everhealthsoftware.com/fhir/r4/Organization/idA-COo1xen2xZHg68q39-uA,33514cb691680598
https://drchrono-fhirpresentation.everhealthsoftware.com/fhir/r4/Organization/idRtobaEZScCto6CRC4iFd1g,70eeaaca6f038328
https://drchrono-fhirpresentation.everhealthsoftware.com/fhir/r4/Organization/idA90lzNW6WCRJ2Lcmhp5tzw,bbaa28500a3d0b42
https://drchrono-fhirpresentation.everhealthsoftware.com/fhir/r4/Organization/idJMajiPMn2OJ1Mnc7Vk0tcQ,49e94b48115716ee
https://drchrono-fhirpresentation.everhealthsoftware.com/fhir/r4/Organization/idiLyekRkqEepSCkx5H50k7Q,c66d315942e8d775
https://drchrono-fhirpresentation.everhealthsoftware.com/fhir/r4/Organization/idRG1sgZBlhbMKMZEFYAaerA,ac1e5c98373d9885
https://drchrono-fhirpresentation.everhealthsoftware.com/fhir/r4/Organization/id19vJVQKMJ5rrlxIuH0qtQw,6406d77b28a16e63
https://drchrono-fhirpresentation.everhealthsoftware.com/fhir/r4/Organization/idLzIWCsdKgqndk8sT2RDjXQ,013594de30c91bd9
https://drchrono-fhirpresentation.everhealthsoftware.com/fhir/r4/Organization/idjldJIvUr9oy-vq4d8sziCQ,3dc9b697253296c0
https://drchrono-fhirpresentation.everhealthsoftware.com/fhir/r4/Organization/idV9pQIdfwcVT9u2hah3n4gQ,8e24d052deb2e8e4
https://drchrono-fhirpresentation.everhealthsoftware.com/fhir/r4/Organization/idq1TI-.M-QYz3QfM6TNrACg,1148351f3247ce46
https://drchrono-fhirpresentation.everhealthsoftware.com/fhir/r4/Organization/iduf89aNmx2t8lSDTgzTs58Q,251ff9abb49d85df
https://drchrono-fhirpresentation.everhealthsoftware.com/fhir/r4/Organization/idB4Ya-XD7MO7gMWI8tPKIvA,b5efb2483abfd0f0
https://drchrono-fhirpresentation.everhealthsoftware.com/fhir/r4/Organization/idDSW1Ml2HCLudUrV6zBuhTQ,ab57765205eb9412
https://drchrono-fhirpresentation.everhealthsoftware.com/fhir/r4/Organization/idj0YLi-sZmt7Yqf2cnoZogw,84d8ca63b3d3279c
https://drchrono-fhirpresentation.everhealthsoftware.com/fhir/r4/Organization/idGrR0H5Vg9Il8anmt6wyOnQ,99947c79e943f792
https://drchrono-fhirpresentation.everhealthsoftware.com/fhir/r4/Organization/id1nIuIRLgyE2iM04iHsyd6Q,dc2c31af9cea040c
https://drchrono-fhirpresentation.everhealthsoftware.com/fhir/r4/Organization/idDDY1pIyZuorzg7eDQWNIzw,63c9f851b8ab6ffe
https://drchrono-fhirpresentation.everhealthsoftware.com/fhir/r4/Organization/idBJbtmwJY0dfJJz9ciAk4xw,84421e2dea252c8e
https://drchrono-fhirpresentation.everhealthsoftware.com/fhir/r4/Organization/id46K13VD.9PUPY8hd1iITTg,278e6a63fcffc1c0
https://drchrono-fhirpresentation.everhealthsoftware.com/fhir/r4/Organization/idNnkjOJOjZn8A0WkphFMEfQ,3eb0d004e448003f
https://drchrono-fhirpresentation.everhealthsoftware.com/fhir/r4/Organization/idvwsosg2f8mJIeFZJsBuVDQ,bdbe2e62de821ea4
https://drchrono-fhirpresentation.everhealthsoftware.com/fhir/r4/Organization/id2JhRRdIiy4r5D5j8QDwd7Q,7c394806987a0268
https://drchrono-fhirpresentation.everhealthsoftware.com/fhir/r4/Organization/idrc9gw0ZxZrz5-dGuesD3AQ,65e6acf963934350
https://drchrono-fhirpresentation.everhealthsoftware.com/fhir/r4/Organization/idkBj4bNiWykI1K9Q4Z34fyA,231d0594344edeaa
https://drchrono-fhirpresentation.everhealthsoftware.com/fhir/r4/Organization/idjQFnCegFGXY5RgknRAeCuQ,69dc822bf01b0bd7
https://drchrono-fhirpresentation.everhealthsoftware.com/fhir/r4/Organization/idSwdzckM0Bd7I8S0G7cgDXQ,60ff9991c91e295c
https://drchrono-fhirpresentation.everhealthsoftware.com/fhir/r4/Organization/idqEq7irxqswNJ3b9uYe4FSg,8937f814b7cd1898
https://drchrono-fhirpresentation.everhealthsoftware.com/fhir/r4/Organization/idCdUCFOzuxzLjQBQXHOcotQ,b97eb89882cf07e3
https://drchrono-fhirpresentation.everhealthsoftware.com/fhir/r4/Organization/idrfhlcqI13jEdMcQL7DzWMw,d4d8540e3d7b7e71
https://drchrono-fhirpresentation.everhealthsoftware.com/fhir/r4/Organization/idrxmLmevNVhtG13P3AIGPwA,fd83d35443839b17
https://drchrono-fhirpresentation.everhealthsoftware.com/fhir/r4/Organization/idPGpEBqGXN1Jl4d0CsuaFQA,955289d67e06c6c4
https://drchrono-fhirpresentation.everhealthsoftware.com/fhir/r4/Organization/idw0RT7IUx25geEqyAIE-WgA,2b6edd2c3937cf62
https://drchrono-fhirpresentation.everhealthsoftware.com/fhir/r4/Organization/id4CluUgfovie4wXD84SmGNw,8a8a99a9155496d8
https://drchrono-fhirpresentation.everhealthsoftware.com/fhir/r4/Organization/idqVOZVK8qSxFkTGYSBOkoXg,2dafe89cb1fa759e
https://drchrono-fhirpresentation.everhealthsoftware.com/fhir/r4/Organization/id.gWvnv5E15R4Ru7GLX63sA,8d22033fcff9a3dd
https://drchrono-fhirpresentation.everhealthsoftware.com/fhir/r4/Organization/idfHUU4be9kXthwqWRaXd0bw,1a1d32deb523ff12
https://drchrono-fhirpresentation.everhealthsoftware.com/fhir/r4/Organization/idbCYD-LlkV.zto.jvKGdkYQ,60b38b091c8c208c
https://drchrono-fhirpresentation.everhealthsoftware.com/fhir/r4/Organization/idW2va.kWwlsZDAjKuQjFYZg,7984b2374bd2e183
https://drchrono-fhirpresentation.everhealthsoftware.com/fhir/r4/Organization/idig.6kmn9QSoJ-3pi5cX9pw,24bbb60eca303454
https://drchrono-fhirpresentation.everhealthsoftware.com/fhir/r4/Organization/id-Pu58bIL3kPBCmpno.xgbg,360260f2a136a717
https://drchrono-fhirpresentation.everhealthsoftware.com/fhir/r4/Organization/idwdB76KYRJNYdEwyP0GhWTg,489f7e92f9a946e1
https://drchrono-fhirpresentation.everhealthsoftware.com/fhir/r4/Organization/idZL2GfH6jvYP1ULn2F3XYyQ,5a4bad62615cb812
https://drchrono-fhirpresentation.everhealthsoftware.com/fhir/r4/Organization/idTx2MgY8d7q9ZUZouDyEokg,db4a60161c1cf532
https://drchrono-fhirpresentation.everhealthsoftware.com/fhir/r4/Organization/idbJBf8TyBLGBsmmapnCdIPQ,9a441b3da73967da
https://drchrono-fhirpresentation.everhealthsoftware.com/fhir/r4/Organization/id3FsWiKxikI8t9h2VS6xU1w,ca847c00ba9fe97c
https://drchrono-fhirpresentation.everhealthsoftware.com/fhir/r4/Organization/idsd7h3k-bkw-thU08mnnBtg,1d638d999561ebb8
https://drchrono-fhirpresentation.everhealthsoftware.com/fhir/r4/Organization/idH.B1eK4hkgyhlNEt9pM6Cg,b8947da0cddff756
https://drchrono-fhirpresentation.everhealthsoftware.com/fhir/r4/Organization/idh6EEJ6GjP1uUzstIJMLU4Q,4796a657b7ef397e
https://drchrono-fhirpresentation.everhealthsoftware.com/fhir/r4/Organization/idjvUrI7FS4.Of4XimwCMuGg,568ec593a57e9748
https://drchrono-fhirpresentation.everhealthsoftware.com/fhir/r4/Organization/idcHFzrQCb4u61EGb6lfHBdA,940c0d193e0e6b06
https://drchrono-fhirpresentation.everhealthsoftware.com/fhir/r4/Organization/idQ0DnN7oseGv3LGbZY8wpag,0d92f656461a7866
https://drchrono-fhirpresentation.everhealthsoftware.com/fhir/r4/Organization/idfZeFbSqEiecIVMxznSjkKQ,b18b1cf96abe39da
https://drchrono-fhirpresentation.everhealthsoftware.com/fhir/r4/Organization/iddjI6RbhUm-zgKTspYeCuew,fea58208ee53fd98
https://drchrono-fhirpresentation.everhealthsoftware.com/fhir/r4/Organization/ide0PDT9QQPL7ojUGu0dZ1Ew,41c976a86abd2eeb
https://drchrono-fhirpresentation.everhealthsoftware.com/fhir/r4/Organization/idxqTw-6RCF97fM5CI.tz-zg,70f4fe8c26947cc1
https://drchrono-fhirpresentation.everhealthsoftware.com/fhir/r4/Organization/idKQSnr.s8tAYnCUm.ayDGPQ,a4970b76beb01cf3
https://drchrono-fhirpresentation.everhealthsoftware.com/fhir/r4/Organization/idZM3Vpklzhz3nHAC-tUi05g,52d2c73eae4ad990
https://drchrono-fhirpresentation.everhealthsoftware.com/fhir/r4/Organization/idc.qNJJu94.jOdtU1FExM9g,9009d1f4583af561
https://drchrono-fhirpresentation.everhealthsoftware.com/fhir/r4/Organization/idsUEVHOHj3FvntZssQjfkpA,c16e2b0912d09572
https://drchrono-fhirpresentation.everhealthsoftware.com/fhir/r4/Organization/idNDYQMRxBlGvXJPQ7qPQtbw,abc88ed8ce012c38
https://drchrono-fhirpresentation.everhealthsoftware.com/fhir/r4/Organization/idfsayTaElXouuvSjNZa2X9Q,dbec07f22ec63515
https://drchrono-fhirpresentation.everhealthsoftware.com/fhir/r4/Organization/idx46DApLKSQPSKrgt7HepiQ,b5e8cf6109ebacfd
https://gloclinicfhir.myqone.com/api/FHIR/R4/Organization/98e5232b-0640-4240-95eb-7265e26f2adb,50e87b73a6543ae3
https://ehifhir.ehiconnect.com/fhir/r4/Organization/ido7T8lQO.rke526q2V2tp7g,3dbcb7fdcfffb4b4
https://ehifhir.ehiconnect.com/fhir/r4/Organization/idAW5SMRyoJ8eN76NKFyrULA,be7d460204cc8f4b
https://ehifhir.ehiconnect.com/fhir/r4/Organization/idoUt-nGTJB6n6HLA4IgD0xg,e5209ef4c055b5c1
https://ehifhir.ehiconnect.com/fhir/r4/Organization/idHVERzQ0s5LsQk9JI5x29oA,4c90952a0907322d
https://ehifhir.ehiconnect.com/fhir/r4/Organization/idwjHiLgC.-7DlKxShHmlscg,cb2e7cb754544293
https://ehifhir.ehiconnect.com/fhir/r4/Organization/idyjHdOdK6AGDM0qJhlNEkJA,aae833cb6465b6c6
https://ehifhir.ehiconnect.com/fhir/r4/Organization/idEQKTckPmRnXesvHeBKxAoA,d9407d562105b508
https://ehifhir.ehiconnect.com/fhir/r4/Organization/iddPGmZU5GEf-pj09.DCwSxw,236568db02fb468b
https://ehifhir.ehiconnect.com/fhir/r4/Organization/idLIFrZVyDOx6mGNcpWUOz1Q,627c679a9f4c6a99
https://ehifhir.ehiconnect.com/fhir/r4/Organization/id8eiEqlRnruEy.OgEwPwYYg,c9e7fe52b14890fb
https://ehifhir.ehiconnect.com/fhir/r4/Organization/idca4ZFWPbHpGNNdWEeSfn4w,9f010ef74caf3091
https://ehifhir.ehiconnect.com/fhir/r4/Organization/idnSqhjany480NOROE9hvpyg,64bcd9a0640aeaea
https://ehifhir.ehiconnect.com/fhir/r4/Organization/idt3OtfrQZxzy4vbjGmmaXZw,5e48cbce48271679
https://ehifhir.ehiconnect.com/fhir/r4/Organization/idKHQDBbSRdQmM6vv8nIBBsQ,109a8f20d59a6af1
https://ehifhir.ehiconnect.com/fhir/r4/Organization/idVD6VAXSyKMH7E3-GSEylNQ,c36b39a981e1eddc
https://ehifhir.ehiconnect.com/fhir/r4/Organization/id8ibkPai89ImQ7mPTiTBqRg,4ba53f8fc23d74a9
https://ehifhir.ehiconnect.com/fhir/r4/Organization/idKa-eNh6BA5INuy9Sbhfh8A,24642e2fc37e4abd
https://ehifhir.ehiconnect.com/fhir/r4/Organization/id3fbzFmsAIEnZgFkxrh4fzg,178547dc806e7070
https://ehifhir.ehiconnect.com/fhir/r4/Organization/idGMTPdTkdxMH9YPqFTw7N.w,b98be5cb5a477f2d
https://ehifhir.ehiconnect.com/fhir/r4/Organization/idyx-49C-ZjdwUrV5GZN4Sow,d748e8c5cd547958
https://ehifhir.ehiconnect.com/fhir/r4/Organization/idVeYlzoXNrnMtOXbNEnHcAw,f7c472422909d007
https://ehifhir.ehiconnect.com/fhir/r4/Organization/idlPxRl.e.Le9rVu2IpYkz-A,b549d5979cd90b0b
https://ehifhir.ehiconnect.com/fhir/r4/Organization/idjR4OUqT5z3cwy0i6r0MXxg,aac82c67269c8e50
https://ehifhir.ehiconnect.com/fhir/r4/Organization/ideko3KQUrGJFWQmDynWLtkw,7192d91ad8b292b3
https://ehifhir.ehiconnect.com/fhir/r4/Organization/ide22Ibbg3pD.quKQgQywaNQ,9d9be6748f6b483a
https://ehifhir.ehiconnect.com/fhir/r4/Organization/idmV15rXjoQxwV7XF1XZqdng,329d38538c67111f
https://ehifhir.ehiconnect.com/fhir/r4/Organization/idAznC.XdebAtFsWHbsdaOnQ,c59bc65ca42a1283
https://ehifhir.ehiconnect.com/fhir/r4/Organization/id-5mF26f84nJpSgF8h6Ce4g,af73de7799f05f34
https://ehifhir.ehiconnect.com/fhir/r4/Organization/id3xnnkXT1yAzgr1PToWAl8g,6f0b6463d6f6466d
https://ehifhir.ehiconnect.com/fhir/r4/Organization/idIBOVl5qabiXZBC8ak.DcVw,3df9c81c04163729
https://ehifhir.ehiconnect.com/fhir/r4/Organization/idhJFMEC.S6OwxTbo05aoIgA,ae15feb64037eadc
https://ehifhir.ehiconnect.com/fhir/r4/Organization/idoN5JvjaTDzm4LP4YmnuQFA,00a97606eb3ef00a
https://ehifhir.ehiconnect.com/fhir/r4/Organization/idIYVIewub0AHUL--wh4Mw4g,ee7a30068c9dd478
https://ehifhir.ehiconnect.com/fhir/r4/Organization/idOb-JHh41gE-VJjuBr5SlOA,f8b0df566ad5cfdd
https://ehifhir.ehiconnect.com/fhir/r4/Organization/idjJXMalZ-h9PRezegdbc6DA,18f1e5a2b7d8a9a8
https://ehifhir.ehiconnect.com/fhir/r4/Organization/idKKvQTTTGE.1z-QrhkRP44w,682a918d1d54b1f9
https://ehifhir.ehiconnect.com/fhir/r4/Organization/idqYKSnoxJVLDEAF5ehxYruQ,64fc7181989e1806
https://ehifhir.ehiconnect.com/fhir/r4/Organization/idhbXqMe66cAFbSgwkWH7Qsw,22ac04da0163b516
https://ehifhir.ehiconnect.com/fhir/r4/Organization/idrnAdKaNYW1gbHpS92.8BIg,1050947915bfeea9
https://ehifhir.ehiconnect.com/fhir/r4/Organization/idTIof8wjORSPXxsJ-gvytqQ,5f4bc3b11955b088
https://ehifhir.ehiconnect.com/fhir/r4/Organization/idKFmRyjbgdNMN1PbGAlP0Cg,2e5b22d630d9736d
https://ehifhir.ehiconnect.com/fhir/r4/Organization/id2fl9w1dYn6VdV4fxIXsgSw,69db654877fe58a9
https://ehifhir.ehiconnect.com/fhir/r4/Organization/idpoxhHlrJYkWQ5g1QzD5hKg,7a5f697c336dea1b
https://ehifhir.ehiconnect.com/fhir/r4/Organization/idK5E-bXleclF4m-Xdl6BYuw,5c28ad56b69215d8
https://ehifhir.ehiconnect.com/fhir/r4/Organization/idLfdWLjCXXHVPBQqb.y7Gwg,af73de7799f05f34
https://ehifhir.ehiconnect.com/fhir/r4/Organization/idy3RqyRqIyjNz9LMfMdGFkA,af9ebec56f256c66
https://ehifhir.ehiconnect.com/fhir/r4/Organization/idMq9Z46TxEhyFec-.wOyWOA,af73de7799f05f34
https://ehifhir.ehiconnect.com/fhir/r4/Organization/idE8dsb6qrtzi-p0s2L3rF4A,bccab81269013b4b
https://ehifhir.ehiconnect.com/fhir/r4/Organization/ido85erThZSg-69BvR5303bg,408890d916e19467
https://ehifhir.ehiconnect.com/fhir/r4/Organization/ida3mOZVcGauRSw6OkrtR1Xg,143eda70f6c57154
https://ehifhir.ehiconnect.com/fhir/r4/Organization/idDhrWjJmHbvGNr6uTpuVKhw,90a72055ae1163e4
https://ehifhir.ehiconnect.com/fhir/r4/Organization/idHwXHw5SInp6PxjshQ2t32A,3f35243547ffebec
https://ehifhir.ehiconnect.com/fhir/r4/Organization/idQ1aL7RoDLWcbcS3PthyDsg,8dbbec56b7fbc5cb
https://ehifhir.ehiconnect.com/fhir/r4/Organization/id0bjP.CVla93YLg7jc81qEQ,5a20f7b001b86156
https://ehifhir.ehiconnect.com/fhir/r4/Organization/idY41IccprIIf82Htb7jpgtg,2ae1200ada2ee15d
https://ehifhir.ehiconnect.com/fhir/r4/Organization/idNB1auivM8DaepKdw8fXJNQ,6228abb776bd2704
https://ehifhir.ehiconnect.com/fhir/r4/Organization/idbXgolfUgzit2W1.W5EsfVw,e6ef70e800a7e36f
https://ehifhir.ehiconnect.com/fhir/r4/Organization/idIw80Ufy-Fey-v7XCV7xgCw,3d57c6c8a2441932
https://ehifhir.ehiconnect.com/fhir/r4/Organization/idMXKHehrbNOxYCam-oqUIog,45a855793d073484
https://ehifhir.ehiconnect.com/fhir/r4/Organization/idG3Urwepc5T3tFlXb2d681w,ff7c84e38b5da7b8
https://ehifhir.ehiconnect.com/fhir/r4/Organization/idN.f4Tg5RkGtFFW-6-hPe.A,28245a81ff444ad1
https://ehifhir.ehiconnect.com/fhir/r4/Organization/idakAmpAEQde-Eq0wAgQW7fg,5747589643b20cc1
https://ehifhir.ehiconnect.com/fhir/r4/Organization/idtvGaGGCYBnkmJJ1YHbVr9w,d8ea86efa5a8d695
https://ehifhir.ehiconnect.com/fhir/r4/Organization/idx9mtMhpww0pUbiaM0lGTgA,755344bd41c61117
https://ehifhir.ehiconnect.com/fhir/r4/Organization/idPYNb27FzwU6PI5KgXejvbQ,1731e9b4961676de
https://ehifhir.ehiconnect.com/fhir/r4/Organization/idJTSMMJwTh-lH.ZILv.Ltqw,450f0eec748bf417
https://ehifhir.ehiconnect.com/fhir/r4/Organization/iddMJEN-lXzbS8CQdZOHb0dA,b54dec3a7c3b561c
https://ehifhir.ehiconnect.com/fhir/r4/Organization/ida3JQjCspbgq1TN5LF8dlqg,d5e22bf7db60c852
https://ehifhir.ehiconnect.com/fhir/r4/Organization/idvoqKmK6c5W5D6auyc4EtBg,6538ed892b339716
https://ehifhir.ehiconnect.com/fhir/r4/Organization/id6f0.Y0d5caCw4NFpyAfVbA,71374555b00e5edf
https://ehifhir.ehiconnect.com/fhir/r4/Organization/id6yEojs3TVMUaztRRgmrTTQ,2edb90514a98b7a0
https://ehifhir.ehiconnect.com/fhir/r4/Organization/idecb7qSbf6nTIzm7gvnzOQQ,7e40eb107a0be96a
https://ehifhir.ehiconnect.com/fhir/r4/Organization/idnkxrMttoWCKEiD9H3uPKfQ,9fea1c8d9108face
https://ehifhir.ehiconnect.com/fhir/r4/Organization/idHy2gSbiXJj9CD6hlbS.bAw,1ef4465bab5aa007
https://ehifhir.ehiconnect.com/fhir/r4/Organization/idVMLj.z171r66QvB9I2WgKw,f551e81702e31385
https://ehifhir.ehiconnect.com/fhir/r4/Organization/idd-7N38lt0QevKpMz1seGCA,24f585e8d543e6ac
https://ehifhir.ehiconnect.com/fhir/r4/Organization/idbj5P.vJN7cTctOdBuwSlRw,971286e233955fec
https://ehifhir.ehiconnect.com/fhir/r4/Organization/idqcz-rwLAETrYrSb35mzjwQ,da349e7a4a6d17fb
https://ehifhir.ehiconnect.com/fhir/r4/Organization/idBPxk2ny8PeoxddrqqQqDTg,3072fd085830db94
https://ehifhir.ehiconnect.com/fhir/r4/Organization/id.roCak7u5xlZiFNuC7WTTw,b3749d4ae0812129
https://ehifhir.ehiconnect.com/fhir/r4/Organization/idYX-X76P9vR-EyRhDWCUSYA,36fecc6ce3a07e85
https://ehifhir.ehiconnect.com/fhir/r4/Organization/id9GhP.1p5okxfpCdu0QqBNQ,aaa66e61bde43dac
https://ehifhir.ehiconnect.com/fhir/r4/Organization/id5lQl2FjG2pDcckHxrc21FQ,3ee927932644e524
https://ehifhir.ehiconnect.com/fhir/r4/Organization/idKFAfSVZM-YVkrw0Esehmyg,8004201cc05952d8
https://ehifhir.ehiconnect.com/fhir/r4/Organization/idCqcmYyLdCeDVD6OkWk-gvg,7406107fae491102
https://ehifhir.ehiconnect.com/fhir/r4/Organization/idL4H9bk-qKsDfJ4TqmQuKAg,262e006abc5cbc11
https://ehifhir.ehiconnect.com/fhir/r4/Organization/idz8Kj.19DGiivLSCxrLaurg,7d61136855d4a3a7
https://ehifhir.ehiconnect.com/fhir/r4/Organization/idOOQHccI8XGLfmWDD8OqhiA,2cc2160a01c6bf28
https://ehifhir.ehiconnect.com/fhir/r4/Organization/idm76EE01oDL3mjEQ.pPaVvQ,d74ba7df9b4dba9c
https://ehifhir.ehiconnect.com/fhir/r4/Organization/idcT53HcDCh7Aej1ZsmN-D.Q,af73de7799f05f34
https://ehifhir.ehiconnect.com/fhir/r4/Organization/idxxw1SW4NMQeWAqVxeiVPwA,d574e5493a755074
https://ehifhir.ehiconnect.com/fhir/r4/Organization/idQUbNhBIe9zH2JMoROwwYGA,8095eae9bb6e889d
https://ehifhir.ehiconnect.com/fhir/r4/Organization/idysftPPxGzoM6bVvDQ4l5cg,806ea85ae8a1397d
https://ehifhir.ehiconnect.com/fhir/r4/Organization/id9xt4nJ5OZ.u4OCgzqGWwsQ,38b607204572bedd
https://ehifhir.ehiconnect.com/fhir/r4/Organization/idaQ9VrQH0AyIB-KPfyv-QSQ,cd4859a6c167e565
https://ehifhir.ehiconnect.com/fhir/r4/Organization/id2E7nvuEHDxS1H-uN4PYoqw,6f0fefe04ffe9139
https://ehifhir.ehiconnect.com/fhir/r4/Organization/idmK3PFCFKqvA5l7bT6WVxGA,ec081f09c7887f15
https://ehifhir.ehiconnect.com/fhir/r4/Organization/idt6KtPvVauCYCh5oy7kubCw,c6536753774768aa
https://ehifhir.ehiconnect.com/fhir/r4/Organization/idhMhMJ7PVve3EJBrDUH.2ig,9f624eb92eeb78e3
https://ehifhir.ehiconnect.com/fhir/r4/Organization/idvWfMxoKYLusUcgXWihFhHw,07e338cf04974a2c
https://ehifhir.ehiconnect.com/fhir/r4/Organization/id9MWvi-e0CcLbAac0n2wvAA,7b110da0e8ebb720
https://ehifhir.ehiconnect.com/fhir/r4/Organization/idOfvNiZQ3eWlpm.O1gHephw,6fefd2452a9de6f6
https://ehifhir.ehiconnect.com/fhir/r4/Organization/idVDGaITBUW9eTucOcIGCgLg,6087c936bf0167fe
https://ehifhir.ehiconnect.com/fhir/r4/Organization/idzUG7w112MNV14JPamxd2XA,40705cbabc0e01d7
https://ehifhir.ehiconnect.com/fhir/r4/Organization/idTKuQlBfYiHDFVej4E2USHA,22f9a1f836f3da1a
https://ehifhir.ehiconnect.com/fhir/r4/Organization/idcNQWF3797Z7UCPE.VomVRA,322d160aa515856e
https://ehifhir.ehiconnect.com/fhir/r4/Organization/idNLzTkzAux6pgZbKtL1wqdg,07b4cd3bf1e2c8a4
https://ehifhir.ehiconnect.com/fhir/r4/Organization/idcaTQfR-9OCtAy9bF3oWGGA,e4fbf2f6e3e3f4a0
https://ehifhir.ehiconnect.com/fhir/r4/Organization/idvVtXVb1lBzmRNQlju3NkTw,0ba71a8a20e96efb
https://ehifhir.ehiconnect.com/fhir/r4/Organization/idXxigcSPkXN-EDZjIvPhqHw,442a63576aa0b440
https://ehifhir.ehiconnect.com/fhir/r4/Organization/idmb9rgBgfsg2TEzdC9zRZFQ,3b8d171b3727f45b
https://ehifhir.ehiconnect.com/fhir/r4/Organization/id9jZf7qX4L00mZFnqwkyINg,b313e50b665052c1
https://ehifhir.ehiconnect.com/fhir/r4/Organization/id0m4PfuAU4rKNGLwzvXGI6g,25152e5cee1dbcd7
https://ehifhir.ehiconnect.com/fhir/r4/Organization/idcFzmzx0mtHYUnWpFLKm0hQ,af73de7799f05f34
https://ehifhir.ehiconnect.com/fhir/r4/Organization/idIZivt8nG19ax3NwHLVIumQ,82e0c7a84f97556b
https://ehifhir.ehiconnect.com/fhir/r4/Organization/idVbHKtimz2MsXuepgs.0klg,6cf161cc4faf3d05
https://ehifhir.ehiconnect.com/fhir/r4/Organization/id5ewjdzmKHQ1R4unG3UvzJQ,9f1841bafdb790f5
https://ehifhir.ehiconnect.com/fhir/r4/Organization/id18UY85fdHlH95ECIoizjLA,b53715502abe4f4b
https://ehifhir.ehiconnect.com/fhir/r4/Organization/idjJAU0iUqxaCwto7SFisO1Q,24ff65ab488f8f4b
https://ehifhir.ehiconnect.com/fhir/r4/Organization/idiDTR-xHUPbaAXhJKcYazTA,cfc606b72937d57f
https://ehifhir.ehiconnect.com/fhir/r4/Organization/idmZK1GNE331DEb7VTaI93Ig,5b666f81514b31ae
https://ehifhir.ehiconnect.com/fhir/r4/Organization/idl2141ngnjDNlXMWtv6kTdw,72c5ff638b284992
https://ehifhir.ehiconnect.com/fhir/r4/Organization/iduzitE30F0yqrYoiPNW4zKg,af73de7799f05f34
https://ehifhir.ehiconnect.com/fhir/r4/Organization/idofRm21ks6PvsUiuarktKyQ,52a44f458b937373
https://ehifhir.ehiconnect.com/fhir/r4/Organization/id7Zf6SfOrcEB-7uInJX1mhw,244502dc88edd199
https://ehifhir.ehiconnect.com/fhir/r4/Organization/idjHBJl7uwLpm7Wj5KLck8fQ,76d814f3ea3e8730
https://ehifhir.ehiconnect.com/fhir/r4/Organization/idcA7P3vq3r4eTg9Yvo9WPXA,b74f83aa948fe69a
https://ehifhir.ehiconnect.com/fhir/r4/Organization/idU376KiH2rZeNQlmM.zrTxQ,6ebe2587c55420fe
https://ehifhir.ehiconnect.com/fhir/r4/Organization/idvkmOu2XyobPAs5pdRx6Vpw,63685a0371372cbf
https://ehifhir.ehiconnect.com/fhir/r4/Organization/idowZOmJEQMqV31QsD.De95w,2afcd37ce091e86d
https://ehifhir.ehiconnect.com/fhir/r4/Organization/idWcsaPrpdAgz2rHHjNhKg.g,806174c2e29d9d98
https://ehifhir.ehiconnect.com/fhir/r4/Organization/id13bfQlHF51xI0EEg5.7LXQ,96e18acb1d7c2f46
https://ehifhir.ehiconnect.com/fhir/r4/Organization/idjdcuCZ-QqvYqgm90zqJEwQ,af73de7799f05f34
https://ehifhir.ehiconnect.com/fhir/r4/Organization/ideocKplrkjGoSgotq45pfeA,fa5d84191f0d36dc
https://ehifhir.ehiconnect.com/fhir/r4/Organization/idOXHeNyp.g2G.z0fNOl0ZJQ,c615a427527ed1b3
https://ehifhir.ehiconnect.com/fhir/r4/Organization/id5wEoJNxInFOUMwx9GhgRxQ,f9c92bee7b78d929
https://ehifhir.ehiconnect.com/fhir/r4/Organization/idx14llk0s7NTKp1AGMihXZQ,2fa734fe2f4e71d9
https://ehifhir.ehiconnect.com/fhir/r4/Organization/id.oMBJm7TUati5txqYu9Qmw,12817f9017b8ec24
https://ehifhir.ehiconnect.com/fhir/r4/Organization/id-IW4bBghJ2yntJrz3mxq-w,c96f1aaf64942c91
https://ehifhir.ehiconnect.com/fhir/r4/Organization/idJV9g06qMjrHpjYUUbk37YA,6eaf965c0bd04159
https://ehifhir.ehiconnect.com/fhir/r4/Organization/idBD.pkoTrJF6Lz6vNQYZyRQ,e0cd2163c3cfd8d7
https://ehifhir.ehiconnect.com/fhir/r4/Organization/idDzaBhtibB.5yRa6gqTlf9w,4697c4948d19db8e
https://ehifhir.ehiconnect.com/fhir/r4/Organization/idSSYDKjvhIcyxRjpLTBy2NA,33cc18f4d39644f9
https://ehifhir.ehiconnect.com/fhir/r4/Organization/idYffSBltvqTRiukSeLk7Xjg,ee5a03376c65b20f
https://ehifhir.ehiconnect.com/fhir/r4/Organization/idD5qQ-14Xyj5ynFyzULLY1g,0112e7db89dc5c1e
https://ehifhir.ehiconnect.com/fhir/r4/Organization/idfUYJeWsk6sb-E31fSivmRg,5529f46b770ae2fb
https://ehifhir.ehiconnect.com/fhir/r4/Organization/idKtDoLUydS4g0oXc-Px9jyQ,6777abf2e03b7f38
https://ehifhir.ehiconnect.com/fhir/r4/Organization/idkREVLFezeBUQn24dINqksA,600eb0fe2d85b5bf
https://ehifhir.ehiconnect.com/fhir/r4/Organization/idXEMn9LaJh6owN8.WmSiC1A,c676afc6befbdd8f
https://ehifhir.ehiconnect.com/fhir/r4/Organization/idyLekQDWBXAbhkF76Sryfxw,8e2778c333d3a691
https://ehifhir.ehiconnect.com/fhir/r4/Organization/idhv7Op1JuohIDiyFAbrkrXw,33d2520b8bd2bc13
https://ehifhir.ehiconnect.com/fhir/r4/Organization/idd34FKDq0RTHv77A9nZScYA,729c57fc81ced979
https://ehifhir.ehiconnect.com/fhir/r4/Organization/idBJtLt7866CNovItIRQOEow,59e3e754ecffb486
https://ehifhir.ehiconnect.com/fhir/r4/Organization/id2Df4yKyYDJUL7WNpEYA4aw,96f9dc5513ee73f1
https://ehifhir.ehiconnect.com/fhir/r4/Organization/id9IgPrmHRh62I.7faA9gA-A,7a27013392039867
https://ehifhir.ehiconnect.com/fhir/r4/Organization/id46FwqDmyH7Zi1D6afVdDuA,56681ec85fe3c5e9
https://ehifhir.ehiconnect.com/fhir/r4/Organization/idqssgzhDz537plpxIMy.SYg,6be6ace91ba9f63e
https://ehifhir.ehiconnect.com/fhir/r4/Organization/id0Kyqv6LDs.wH2yovyNjEgw,198d5d489528af81
https://ehifhir.ehiconnect.com/fhir/r4/Organization/idfkhiQ7UBduuQ20-f0ZqzDg,56a465aa4282caef
https://ehifhir.ehiconnect.com/fhir/r4/Organization/idtX1IYsPohfdSnDJILNUBdg,7707bce8edc99a21
https://ehifhir.ehiconnect.com/fhir/r4/Organization/idHBDYWWHkGQv6f7p9lrk4Tw,c8e122ee7185bbbf
https://ehifhir.ehiconnect.com/fhir/r4/Organization/idwBaiQSnlt67.YgskGTjgPQ,af73de7799f05f34
https://ehifhir.ehiconnect.com/fhir/r4/Organization/idaa6KxkolBK.J2rzGWWbl3Q,33ba14ffc1f91a84
https://ehifhir.ehiconnect.com/fhir/r4/Organization/idZogWA08aGJHGvhMqwtlsKA,4103d64c7e316478
https://ehifhir.ehiconnect.com/fhir/r4/Organization/idvzHkOcyeuYnveN8LB1ecrA,a7f412b5a2c744dd
https://ehifhir.ehiconnect.com/fhir/r4/Organization/id6ohpe0Y5bVwfmLpAMLpiYw,3032dc749dd32777
https://ehifhir.ehiconnect.com/fhir/r4/Organization/idPwisj5XhUJBZs0L8XTrs3g,edcfcfe1a31aeac0
https://ehifhir.ehiconnect.com/fhir/r4/Organization/idkPhoxoTRb20EbNxL28Cd.w,f994a485291179e6
https://ehifhir.ehiconnect.com/fhir/r4/Organization/idFlPr4vdncTvEq1HJ7EGpHg,af38ce74229da432
https://ehifhir.ehiconnect.com/fhir/r4/Organization/idohTMHcy9IE-SkLeKxZdorQ,c5947b9adf4b297a
https://ehifhir.ehiconnect.com/fhir/r4/Organization/idBulkRLZAxiEIXM.zAOb3Jw,b6eb3149e3d79239
https://ehifhir.ehiconnect.com/fhir/r4/Organization/id1fcoxOhf4FsSWKkuaqfw8Q,e8e4de13a8b4e7ca
https://ehifhir.ehiconnect.com/fhir/r4/Organization/idj7g.YogVGVl6rWVZPc8eVg,66d6fcbd1f2b0da5
https://ehifhir.ehiconnect.com/fhir/r4/Organization/idrDDjMgMwG9RowYc0yUdMYw,65e20b9bae1db9c0
https://ehifhir.ehiconnect.com/fhir/r4/Organization/idkIV1EAurb44r7FJI5No.ig,0622d0d0f4477584
https://ehifhir.ehiconnect.com/fhir/r4/Organization/idAe4xl-7tusSwIjqOF3cV7Q,bc835a53aedc0c37
https://ehifhir.ehiconnect.com/fhir/r4/Organization/id8RYlxrSgV8jMna2s6nUMIA,a8b2ae6acbc61274
https://ehifhir.ehiconnect.com/fhir/r4/Organization/idGiIj2obIX-afg.D4Dg-W8g,bfbee8c1714b0d6f
https://ehifhir.ehiconnect.com/fhir/r4/Organization/idMQvvn5BjYTIj30pxw6yaxg,25038cb89fa2dbbe
https://ehifhir.ehiconnect.com/fhir/r4/Organization/id5xffB7zs-dUFc7M-sIHtEQ,9e27a9e15e8a41f3
https://ehifhir.ehiconnect.com/fhir/r4/Organization/idxO0hiA0btCsT7UTdiezM4g,a21bc3fbebec3ca1
https://ehifhir.ehiconnect.com/fhir/r4/Organization/id2yemWmR.KAPtlYAPHhZWOA,cafb882e4985ad53
https://ehifhir.ehiconnect.com/fhir/r4/Organization/idxJmqp-9tcY0fueKtF1MlMg,97e5b14f2c910c95
https://ehifhir.ehiconnect.com/fhir/r4/Organization/idUEcw7VjUDCVdVpSzmyqD2A,a2dbe2de2943282f
https://ehifhir.ehiconnect.com/fhir/r4/Organization/idgrXbKQ7CJC4BCe2VXhfqdA,5c425910fd401305
https://ehifhir.ehiconnect.com/fhir/r4/Organization/idmf2Y8nh9zJ8HbhNRiSfOCg,69ede5bad9022b22
https://ehifhir.ehiconnect.com/fhir/r4/Organization/idJ7uYtncz7Z5Gw-IOpjPyBQ,addb3be849edbe8d
https://ehifhir.ehiconnect.com/fhir/r4/Organization/id0THVRMQRvzO0.cxHje-yRw,78444a47676ef64b
https://ehifhir.ehiconnect.com/fhir/r4/Organization/idOhPZXg7jVHlgG5R4rNg3uw,9bec360992b6765f
https://ehifhir.ehiconnect.com/fhir/r4/Organization/idwaqX.exKzbiR9hcp06W0sQ,02e4009cdedac1ec
https://ehifhir.ehiconnect.com/fhir/r4/Organization/id8vnxRnCRr0Vmk5DZ6v092Q,f0659dfacbbfbc93
https://ehifhir.ehiconnect.com/fhir/r4/Organization/idoQYMj3CfPsOTv5r9Sef60w,e376132f77930d1e
https://ehifhir.ehiconnect.com/fhir/r4/Organization/ids0jvdDCoifuG6EvKWqA6Jg,9e3c81ae3d32aa28
https://ehifhir.ehiconnect.com/fhir/r4/Organization/id0ARE5JJfZ.OfR6bSHtHVWQ,7b4b90d4678347c6
https://ehifhir.ehiconnect.com/fhir/r4/Organization/idiTCmM5pn1frWiC8WGiKe8Q,6d2f6210d3c89831
https://ehifhir.ehiconnect.com/fhir/r4/Organization/idZLI4xnAt43PPA4pbGEBk3w,893d3a8d1c0979e0
https://ehifhir.ehiconnect.com/fhir/r4/Organization/idgWfUpK8cjD4GGtnPIGEJtQ,858f79ba2a4aa609
https://ehifhir.ehiconnect.com/fhir/r4/Organization/idyrD7gMne-jL9qnWQotH2wg,4aa452925055ab92
https://ehifhir.ehiconnect.com/fhir/r4/Organization/idUPRDlhQMOz.UZyhrT2cCOw,dc41e71b660dd9e6
https://ehifhir.ehiconnect.com/fhir/r4/Organization/idEjvBqRTC-i75uE6JoRJQ.Q,402ef9ba8d042547
https://ehifhir.ehiconnect.com/fhir/r4/Organization/idL5EATZPwxs7ZMuXJnFIinA,a62158958aea3da0
https://ehifhir.ehiconnect.com/fhir/r4/Organization/idhexFXpbJRNPruW3NoZAVBw,9c96a1c539eaad8c
https://ehifhir.ehiconnect.com/fhir/r4/Organization/idghSTY7Zsks-356mBcu0pyA,62de0b697dc0dc7e
https://ehifhir.ehiconnect.com/fhir/r4/Organization/idMyDFn2PLBnClGl39Fyjslg,a669f119db111c64
https://ehifhir.ehiconnect.com/fhir/r4/Organization/id.cX..gNb-ZDaBNrsDRSYTQ,02f0a972d1fe8de1
https://ehifhir.ehiconnect.com/fhir/r4/Organization/idF.vdnzLIv1o1scy0aOXoEA,19ab115cd68188d8
https://ehifhir.ehiconnect.com/fhir/r4/Organization/idm9Is7vDuSGFum7qMQMVX-g,20265e4665295b94
https://ehifhir.ehiconnect.com/fhir/r4/Organization/ids0FX.5DI7kazWuTD9eME7Q,921cef27edcdb40a
https://ehifhir.ehiconnect.com/fhir/r4/Organization/idNzMbAdw-0v4Uy1K9SNCipA,3898f1840acc4f64
https://hapi.omnimd.com/fhir/Organization/5427,7f0413fcbf869313
https://hapi.omnimd.com/fhir/Organization/5427,7f0413fcbf869313
https://hapi.omnimd.com/fhir/Organization/5427,7f0413fcbf869313
https://hapi.omnimd.com/fhir/Organization/5427,7f0413fcbf869313
